非公開,質問,回答,質問者,回答者,日付,Discord元リンク,回答数
,身体に対しての質問です。 右の股関節が立ち上がって歩き出すと痛くて歩けなくなる時があります。 右膝が内側に入ってしまう癖も気になります。,"【タイチ】
右の股関節のどこらへんが痛くなりますか？🤔

---

【あゆみ764688】
股関節付け根です。
例えるなら骨がズレて擦れてる感覚？痛みで上手く動かせなくなります💦
整形外科でレントゲンを撮ってもらったんですけど異常なしとの事で…

---

【タイチ】
了解です！ちなみに、歩いてる時の足の重心は小指側ですか？そしてX脚ですか？

---

【あゆみ764688】
多分小指側でX脚だと思います💦
立っている時に癖で両足小指側で立ってしまっているので…",あゆみ764688,"あゆみ764688, タイチ",2025-12-08,https://discord.com/channels/1441619538293686387/1444479247669530664/1447561990930174126,4
,すみません！質問なのですが、今自分は社会人野球をしていて、球速アップの為には開脚回旋が必要と言われています。自分の中ではおしりの硬さを股関節の前側の硬さがあって出来てないのでは？と思っています。その中で、今までのアーカイブ動画などを参考にして見させて頂きたいのですが、どれが1番適切なのか教えて頂けますか？？,"【タイチ】
開脚を軸にお答えしますね！
お尻の硬さが股関節の前側の硬さに関係しているかについては、関係はしているのですがまず最初にお尻を使えるようにしなければなりません。
なのでお尻が使えてないのは硬さではなく、単純に神経伝達がまだ浅いって感じです！
なのでお尻をどのアーカイブで動かせるようにするかなのですが、ニューテーションを詳しくやっているレッスンがまだないので、フォロワー様限定特別レッスンでニューテーションを練習しているので、そこが理解できたら開脚のアーカイブをレベルの優しいものから実践するようにしてみて下さい🔥",まつもとひびき   310264,タイチ,2025-12-09,https://discord.com/channels/1441619538293686387/1444479247669530664/1447916003450294395,1
,横からすみません！私もめちゃくちゃX脚です 痛いとか無いのですがまっすぐな脚になりたいです どの動画をやればいいですか？ 足首のショートしましたが正座でかかとがくっつかずに広がってしまいます,"【タイチ】
今の時点では、X脚を改善する！をテーマにした動画はないです。
が、見て頂いた足首のショート動画での母指球で押す感覚をまず練習しながらアーカイブ(22)(34)(36)を練習してみて下さい！

---

【kana 477252】
ありがとうございます！やってみます",kana 477252,"kana 477252, タイチ",2025-12-09,https://discord.com/channels/1441619538293686387/1444479247669530664/1447923089286496308,2
,自分も横からすみません。Kanaさんと同じ感じなのと、ゴムバンドを指の間に咬ませて、母指球か小指球に通して、伸ばしたり起こしたりするケアで脛の外側が痛くなります。 ひざをついて腸腰筋を伸ばすストレッチで毛布を引いても膝が痛いです。膝についてる筋肉が痛いのかもしれません。 やり方間違ってるのでしょうか…,"【タイチ】
脛を筋膜リリースボール(小)でリリースさせてからやれば楽にできます！👍
腸腰筋を伸ばすストレッチは、基本膝に体重をかけずに、後ろ足の甲に体重をかけるので膝が痛くなってたら重心の位置が間違ってると思って下さい！

---

【しか414021】
何度もすみません。
膝をうかして足の甲にしか体重がかかっていないと思うんですが、右側だけ膝の内側上方が痛いです…。

---

【タイチ】
足の甲っていうよりかは指先にお尻の重さが掛かってるイメージです！
右膝の内側か🤔
内腿めっちゃしめてお腹薄く引っ込めながらやってみるとどうですか？

---

【しか414021】
ありがとうございます😊アドバイスのようにやると、若干痛くないかなって感じはします。内腿めっちゃ絞められてるかどうかは疑問ですが🙏右の内側なんですが膝のお皿の隣（骨より内側の辺り）です。筋肉？に引っ張られてる痛みな感じの気かもします。

---

【タイチ】
筋肉が引っ張られてる感覚なら問題ないかもですね。
ただ、解剖学視点でいうと内股のストレッチはかからない動作なので内腿や腸腰筋の筋肉が弱いとかそういう事も考慮した方がいいかもしれません！

---

【しか414021】
なるほど🧐です。膝をついている時より上げた時に痛みがピーンと走るので、内転筋、腸腰筋脆弱なのと前腿の張りとかですかね？レッスン参加して治っていけばいいなぁと思います。
こんなに親身に答えてくださるオンラインあるんですね。また後日、感想レポート書きます🤗",しか414021,"しか414021, タイチ",2025-12-09,https://discord.com/channels/1441619538293686387/1444479247669530664/1447924450820358267,6
,@あゆみ764688 腸腰筋を伸ばす方向に使う練習と、お尻の筋肉を使って足を外旋、外転させるトレーニングを入れながら、内腿伸ばした方がいいですね！ また、足の裏は母指球側に載せる練習をしないといけないです！  ダウンドッグに関しては、お腹が抜けていますね！ あとは、お尻でニューテーションを起こすことができていないので前ももを使ってしまいます！ これは立っている時の姿勢も同じです！前ももが疲れやすく張りやすくなります🤦🏻,"【あゆみ764688】
ありがとうございます！
アーカイブだとどのワークが適切ですか？

---

【タイチ】
お尻👉(36)
腸腰筋ストレッチ👉(42)
足首👉月曜ショート動画
お腹👉(33)

---

【あゆみ764688】
ありがとうございます😭",タイチ,"あゆみ764688, タイチ",2025-12-10,https://discord.com/channels/1441619538293686387/1444479247669530664/1448113748735950968,3
,横からすみません。Kaguraです。私もO脚の悩みがあって、O脚だから骨盤は後傾気味で下がってて尻トレどう頑張ってもヒップアップの効果がイマイチ... 前太ももとても張りやすく、運動強度と時間をあげたら足は疲労がとても溜まりやすくJumpとか軽快に飛べなかったりします。 O脚改善したいところです！  タイチ先生のコメントを見て気づきましたが、やはり足は外側に重心かけていますね！ヨガもダウンドッグのポーズ日々やっているが、おそらく足が外側に重心をかけてしまっています。 足首トレーニングは改善の鍵なんでしょうか？ @タイチ,"【タイチ】
O脚に関しても足首が鍵ですね！
僕もO脚ですが、足首の内側が埋まってしまって脛が外に広がるんですよね。
なので足の裏は母指球側+踵で押すのも大事。プラスで足首の内側を伸ばすように立たないといけないです！
後は、内腿のトレーニングだったり、外側広筋(外もも)リリースしたりストレッチさせて少しずつ改善させる必要ありですね👍

---

【Kagura_Mosh ID 765039】
返信ありがとうございます🥹なんで自分が体にこんな欠陥あるの？！改善も見込めず凹んだりしましたが、、まさか姿勢が美しい先生もO脚なんて...驚く一方、努力すれば変わるのではないかと少し心強くなりましたᕦ(ò_óˇ)ᕤ
親身なアドバイス大変ありがとうございます！母指球で押すこととウチモモを伸ばして立つこと意識します。立つ時常にウチモモ意識すると、ずっと筋トレしてる感覚でウチモモの緊張感を感じで全然長く続けないのですが...やはり内転筋が弱いからですか？
何か具体的な立ちポーズのアドバイスありますでしょうか？
ウチモモを鍛えるには何かおすすめの動画あがあるでしょうか

---

【タイチ】
内腿をそのまま閉じるのではなく、外旋をしながら内腿を使うのが大事です！ここの説明が文字では難しいのでLIVEでお伝えしますね！
内腿はアーカイブ(26)が良いですね👍

---

【Kagura_Mosh ID 765039】
ご返信ありがとうございます内旋ではなくて外旋ですか😳⁉️0脚ですが、元々外旋しているので内旋するように意識しないといけないかなと思いましたが....違うのですね

アーカイブ26見てみます！",Kagura_Mosh ID 765039,"Kagura_Mosh ID 765039, タイチ",2025-12-10,https://discord.com/channels/1441619538293686387/1444479247669530664/1448124640814960821,4
,こんばんは！トレーニングについて相談です。  ぎっくり腰を3回経験していて、長年スウェイバック気味だったため平背です。骨盤前傾・後傾のトレーニングに取り組んでいますが、動作によって痛めてしまうことがあります。  また、あぐらや長座体前屈では骨盤が立たず、背中が丸まってしまいます。 このようなタイプは、まず何から始めるのが良いか教えていただきたいです。  よろしくお願いします。,"【タイチ】
なるほど！腰が痛くなるのはかなり辛いですよね。
こちらは明日の質疑応答LIVEてお答えしますね🙂‍↕️
見れない場合は、アーカイブも残しますのでご安心下さい。

---

【q 763408】
返信ありがとうございます！
明日質疑応答LIVEに参加しますのでよろしくお願いします🙇🏻‍♂️",q 763408,"q 763408, タイチ",2025-12-10,https://discord.com/channels/1441619538293686387/1444479247669530664/1448257833731621028,2
,すみません！質問なのですが、タイチさんのストレッチ系は結構汗かく系で体幹系も入れたメニュー多めだと思うのですが、よくストレッチは風呂上がりの寝る前にやるって言われていて、今までずっと自分もそれをやって来ていたのですが、さすがこれから寝るぞってときにガッツリやるのは何か違うし、かといってお風呂上がりのストレッチはもう習慣にはなっているので、お風呂上がりのストレッチにこだわりすぎる意味はないですか？？それともストレッチだけを各種2分ほどやったので大丈夫ですか？？,"【タイチ】
目的によると思います。
可動域を上げるのには、必ず拮抗筋を使う感覚で2分ストレッチを、かけた方がいいです。
ただお風呂上がりでリラックスするためや睡眠の質をあげるなどであれば汗をかかない程よい感じでやる方がいいです！
どちらにせよ寝る前は、汗をかくぐらいストレッチしてしまっては本末転倒なのでやらない方が良いと思います👍",まつもとひびき   310264,タイチ,2025-12-10,https://discord.com/channels/1441619538293686387/1444479247669530664/1448285099782312058,1
,こんばんは🌙 運動習慣がなく、体はガチガチ。姿勢も悪く不調があるので、それらを改善したく、この度、入会させていただきました。 よろしくお願いします🙇  今、痛くて困っているのが、左のお尻から太ももにかけて痛みがあることです。 以前から痛みはあったのですが、今日は立っているだけでもツライです💦 考えられる原因と改善方法を教えてください🙇,"【タイチ】
まみさん、体の痛みがあると大変ですよね。
こちらは、明日の質疑応答LIVEでお答えしますね👍
見れない場合は、アーカイブも残すのでご安心下さい！",Deleted User,タイチ,2025-12-10,https://discord.com/channels/1441619538293686387/1444479247669530664/1448285410504474685,1
,水曜日の骨盤前傾のワークでの質問です  ①腸腰筋と前もものストレッチの時右足が前の時だけ前ももがキツイです。 ②レッグレイズの時脚の付け根が使われている感もありますが腹筋がプルプルの方が強く終わった後も腹筋が張ってしまいます,"【タイチ】
①恐らく、前足のつま先側にかかっているor足の距離が近すぎるのかと！あとはお腹抜けてますね👍

②お腹を凹ませる力&内腿を寄せる力が足りない状態ですね！お腹を固めてレッグレイズすると腹筋に効いてしまいます！腸腰筋狙いの時は、お腹を固めずになるべく凹ませてやると腸腰筋に効きます！

---

【あゆみ764688】
ありがとうございます😭
夜早速試してみます！",あゆみ764688,"あゆみ764688, タイチ",2025-12-10,https://discord.com/channels/1441619538293686387/1444479247669530664/1448304554130276382,2
,先日参加しました。有益なレッスンをありがとうございます！  「縦開脚」レッスンについて質問です。 ①腸腰筋は伸長するストレッチの他、強化して鍛える事もやっていましたが、腸腰筋が鍛えられると柔軟性が上がる（逆に弱いと深まらない）理由が知りたいです。 ②腿裏の柔軟性を柔軟性を上げるためバウンスをしていたのですが、ある程度勢いをつけてグイっとやる事ある程度は必要なんですかね。可動域上がりましたが👍  リアタイ参加が時間的にほぼ出来なく、アーカイブで楽しみにしております！,"【タイチ】
縦開脚を軸にお伝えしますね！
①縦開脚時の前に伸ばす足は、腸腰筋の収縮がかかることで、裏もも(お尻側にある起始部)までストレッチが掛かります！
なので腸腰筋を鍛えることで柔軟性が上がります！

②はい！怪我の痛みではない「伸びる痛み」の範囲であれば勢いを使う事がバウンスストレッチ(動的ストレッチ)において重要になります。

アーカイブ視聴でもしっかり結果を出して頂くために頑張ります💪",Mizua,タイチ,2025-12-11,https://discord.com/channels/1441619538293686387/1444479247669530664/1448576663133884488,1
,こんばんわ🌙 バレエ（クラッシック）のパフォーマンス向上のため、12月からサロンに入会しました。 入会後〜今日まで、 イチニチイチタイチ（訳：毎日、ショートorアーカイブレッスンをやる習慣）してます。  バレエのレッスンでは「肩下げて」とよく注意されるのですが、 今日のレッスンでは「肩下がって、胸上がってるね」っと褒められました😌 しかし、、肋骨開くな・お腹閉めろは、相変わらず注意され続けています💧  左右の肩甲骨はさほど寄せてはいませんし 大胸筋もボールエクセサイズのお陰でストレッチされているハズ。 （腕が長くなった感じがするのは、気のせいかな？）  ここからが質問です。 ・肋骨やお腹を閉じるためには”腹筋を鍛える”と考えちゃうのですが正しいですか？ ・また腹筋といっても”腹斜筋系””腹直筋”？ ・それとも”背筋を伸ばす”必要がある？ などです。  入会した早々、せっかちに質問してすみません^^; 教えていただけたら幸いです。  あづみ（基本的にはアーカイブ受講です。）,"【タイチ】
胸が開きやすくなったの素晴らしいですね👍
結論、腹斜筋、肋間筋、横隔膜、腹横筋などの筋群です！

これらが肋骨を締める上で必要になりますが
https://discord.com/channels/1441619538293686387/1444506245468913825
でいうと、(9)(19)(33)あたりがオススメです！

お腹を強くしながら、肩甲骨が下がって胸式呼吸をする必要があります！",あづみ：763608,タイチ,2025-12-11,https://discord.com/channels/1441619538293686387/1444479247669530664/1448646419572588755,1
,ショートの胸椎編やってみました。ねじりの時に足がグラグラして倒れるのは、押せてないからか、おなかが抜けているのか、単なる筋力不足か、理由は何でしょうか,"【タイチ】
色々原因はありそうですね！
後ろ足に体重が乗っているか、前足はつま先荷重ではなく踵にも乗っているか。
お腹を引っ込めて捻れているかなど！
参考にやってみて下さい🙂‍↕️👍",ろぴのすけ511517,タイチ,2025-12-11,https://discord.com/channels/1441619538293686387/1444479247669530664/1448687682208272394,1
,毎日12〜14時間の立ち仕事なため、仕事終わりはいつも下半身がパンパンで痛みもあります。少しでもこの辛さを翌日に持ち越さずにスッキリさせたいのですが、どのトレーニング動画から取り組んだら良いでしょうか？  先日の無料セミナーの動画は下半身のストレッチが多く、やったあとはとてもスッキリしました。他にもまずやった方がいいおすすめがあれば教えてください！,"【タイチ】
そうなんですね😓それは辛いですね。

結論からいうと、下半身が入っている動きであればどれからやっても良いと思います！

https://discord.com/channels/1441619538293686387/1444506245468913825
アーカイブ一覧にある(15)(23)は下半身全体の筋肉をバランスよくストレッチする内容なのでオススメです👍",Misa764186,タイチ,2025-12-12,https://discord.com/channels/1441619538293686387/1444479247669530664/1448691560135790785,1
,質問です！インスタのリール動画にもある開脚の片足側屈なのですが、それを行うときの拮抗筋はどこの筋肉になりますか？,"【タイチ】
良い質問ですね！！反対の脇腹になります👍",まつもとひびき   310264,タイチ,2025-12-12,https://discord.com/channels/1441619538293686387/1444479247669530664/1448913372912423013,1
,こんにちは！LIVEレッスンありがとうございました！スワンのポーズがいつもできなくて悩んでいます。ブロックを使わないとお尻が浮くし、ブロックを使っても、曲げている足を90°にしようとすると、伸ばしている方の足が曲がってしまいます。身体が開いてしまう、ねじれている感じです。お尻が使えていないからでしょうか？ 曲げる足の角度より、お尻の伸び重視で良いでしょうか？,"【タイチ】
前足を90度にすると後ろ足が曲がるのは、お尻、裏もも、内ももが使えていないから&お腹を薄くしたまま呼吸ができていないからだと思います！
まずはアーカイブ(33)で胸式呼吸を練習すると良いと思います👍
一旦は膝は曲がってもお尻のストレッチを中心に考えると良いです！
そして後ろ足のお尻を使うこと、前の足もお尻を使えると安定するようになってきます。
前足は外旋をかけてお尻を使えるようにすると良いです⭕️

---

【Kaori 744755】
お忙しい中ありがとうございます✨最大限にお腹を薄くして呼吸しながら、腸腰筋の伸びとお尻を使えるように後ろ足の膝を地面に近づける意識でスワンのポーズをしてみたら、いつもより伸びているのを感じました！お尻も床に近付いている感覚がありました！
たったこれだけの意識の違いでこんなに変わるなんてビックリ！今までスワンのポーズはリラックスポーズと勘違いしていたので、お腹抜けまくってました😂",Kaori 744755,"Kaori 744755, タイチ",2025-12-13,https://discord.com/channels/1441619538293686387/1444479247669530664/1449233519787245600,2
,rレッスンありがとうございました。小胸筋ストレッチのときに足が立ちません。おしりと外旋の問題でしょうか？（肘曲げたときだけです）また、スワンのポーズで前の足を９０度にしようとすると膝に痛みがでます。,"【タイチ】
お尻を使って外旋させると立つんですが、コツとしてはまず足の裏全体でを床を押せるかどうかです。
足を立てようとしてもダメで、足の裏全体で床を押すようにしながら立たせなければなりません！
スワンのポーズで前足の膝が痛いのは膝のお皿？膝裏？どちらでしょうか？

---

【ろぴのすけ511517】
回答ありがとうございます😊
今日の初心者でなんとなく掴めた気がしますので、足裏ちゃんと踏んでできるように少しずつ積み重ねます。
スワンの時は左膝裏、外寄りに痛みが出ます。",ろぴのすけ511517,"ろぴのすけ511517, タイチ",2025-12-13,https://discord.com/channels/1441619538293686387/1444479247669530664/1449236015167312056,2
,こんばんわ✨いつもありがとうございます。皆さんお疲れさまです！ 質問なのかどうか… 巻き肩のせいなのかなにをしても肩が詰まる？重い？ 日曜日ーのをみてやってみたのですがブロックを前に立ててチャイルドポーズのときに胸がマットに近付きません。 私の動きが合っていないのか…自信がなさすぎて凹んでおります,"【タイチ】
ブロックを使ったパピーポーズで胸をつけるのはかなりレベルが高いので、つけれなくてもしっかりと脇や胸の伸びを感じながら背中の筋肉を使えていれば大丈夫ですよ👌
そして、巻き肩や肩のだるさを治すのは胸の筋肉に神経を通せているかどうかです！
今日開催したビギナークラスのアーカイブと(45)のアーカイブを繰り返し実施してみて下さい！

そして凹む気持ち、わかります🙂‍↕️
僕も最初は何度も挫折しかけたことがあります。
スワンのポーズでお尻は全然床に着かなかくて、ダウンドッグでは踵も浮くし膝も曲がるしで。しかもそんな中インストラクターとして教えてました。
今思うと恥ずかしい。笑

でも今みたいに体を変えれたのは、凹んでも次の日には切り替えて当たり前のように練習に取り組んだ事が今の自分に繋がってます👍
なので凹みも受け止めながら、でも私は体を変えるんだ。と気持ちを切り替えてストレッチやトレーニングをルーティン化してみて下さい🙂‍↕️

---

【のりこ765136】
お忙しい所ありがとうございました❤️本日はLIVE参加が難しかったのでアーカイブを見て日々の積み重ねをしてみます！絶対に他にいないインストラクターになりたいです！
まだ始めたばかり…がんばろー✨",のりこ765136,"のりこ765136, タイチ",2025-12-13,https://discord.com/channels/1441619538293686387/1444479247669530664/1449388530592776263,2
,こんにちは。横開脚の股割りですが、そもそもボールに乗るのができないのは何が悪いのでしょうか？,"【タイチ】
ボールは何センチですか？🤔

---

【Deleted User】
25cmです

---

【タイチ】
ボールに体が乗り切らないって感じでしょうか？
それともお腹は当たってるけど乗り切れないって感じでしょうか？🤔

---

【Deleted User】
お腹は当たるけど、そこからボールに乗れない感じです。

---

【タイチ】
でしたらまだまだニューテーションが掛かってないと思うので、お尻を動かす練習が必要ですね！
あとは、股関節からかかとまで内旋が掛かっているかどうかも重要なので

お尻を使ってニューテーションしながら、股関節から踵まで内旋方向へ持っていけるとお腹がついてくると思います👍

最初の時点では、もう少し大きい30cm〜35cmのボールを使ってみても良いかもしれませんね！

---

【Deleted User】
ありがとうございます✨やってみますね☺️",Deleted User,"Deleted User, タイチ",2025-12-14,https://discord.com/channels/1441619538293686387/1444479247669530664/1449679862234353734,6
,こんにちは。今日もレッスンありがとうございます。首の前を伸ばす動き、丸くなる動きの時に首や肩がつっぱります。ストレッチやトレーニングで改善できるでしょうか？,"【タイチ】
改善できます！
首を伸ばす、丸める時に、肩甲骨を下げられるかどうかです！
下げるためにはまず胸が柔らかくないといけません。
なので最近の(45)(46)初心者アーカイブシリーズはかなりオススメです👍

胸を反る⇨首を反る
胸を丸める⇨首を丸める

が意識できると肩甲骨も動くので改善させれると良いですね。",Deleted User,タイチ,2025-12-14,https://discord.com/channels/1441619538293686387/1444479247669530664/1449729984297173155,1
,ご質問です！ストレッチは1日で2分伸ばさないと意味が無いとタイチさんは仰っていたと思いますが、2分以上伸ばすのは効果はあまり変わらないですか？？,"【タイチ】
研究結果的には変わらないと言われていますが僕は絶対変わると思ってます👍
2分伸ばすと、だんだんストレッチの痛みも緩んでくるのでそこからニューテーションを強めたり肩甲骨の下制を強めたりできます。
なのでやればやるほど柔らかくはなりますがずっと同じ形で伸ばすのは変わらないです。
伸ばしている中で骨を動かしてよりストレッチがかかる方向へと深め続けると変わっていくという考え方です👍",まつもとひびき   310264,タイチ,2025-12-16,https://discord.com/channels/1441619538293686387/1444479247669530664/1450332084236456017,1
,12/13の質疑応答LIVEで教えてもらった50:40ぐらいの股関節の屈曲の練習について質問したいんですが、最後のお尻を締める時はカウンターニューテーションでしょうか？,"【タイチ】
はい！その通りです！
最後にお尻をしめます👍

---

【q 763408】
返信ありがとうございます！
意識してやってみます！",q 763408,"q 763408, タイチ",2025-12-16,https://discord.com/channels/1441619538293686387/1444479247669530664/1450429224241332327,2
,お忙しいところ失礼します。 足裏母指球、小指球、かかと3点均等に体重乗せるのを意識しているのですが。 片足を前に出して着いた時、右足は膝が真っ直ぐになるのですが、左足は膝が内側に入ってしまいます。  そういえば自転車漕ぐ時やスクワットの時も左膝が内側に入ってしまいます。  L4〜5ヘルニア持ちで左側に足まで坐骨神経持ちではありますが、何か関係があるのでしょうか。 そしてこの内側に入ってしまう膝をなおすには何を行えばいいでしょうか？,"【タイチ】
左足だけX脚のようなイメージですかね？🤔
そうだとすれば坐骨神経痛もあると考えて、左の中臀筋や腹斜筋が弱くなっていることが考えられたり、ハムストリングスや内腿が硬くなっていることも考えられます！

なので上記のトレーニングとストレッチをしながら足裏の3点感覚も意識して膝をしっかり外にひろげるようにしてみて下さい！

ちなみに！配信予定のX脚徹底改善動画は今の状態の改善に役立つと思うので是非閲覧するようにしてみて下さい🙂‍↕️

---

【まい763441】
ありがとうございます！！
見た目はX脚でもO脚でもないのですが、たしかに左の中臀筋が弱いのと、ハムストリングスや内腿はいつもかなり硬いイメージです！
一時臀筋かなり鍛えたときにひどい坐骨神経痛が出たので怖くて臀筋群はストレッチで伸ばす事ばかりしていて鍛えるのをやめてしまっていました💦
足裏3点の意識をつけることと、伸ばすことばかりせず鍛えることも取り入れ、X脚改善動画もやってみます！
ありがとうございます😊",まい763441,"まい763441, タイチ",2025-12-16,https://discord.com/channels/1441619538293686387/1444479247669530664/1450444223089217644,2
,いつもありがとうございます😊質問じゃないけどタイチさんにリクエスト！ 毎朝、毎晩寝る前にタイチメゾット込み込みのヨガ30分位を毎日やりたいです！ トレーニングというよりヨガで、タイチさんの癒しボイス誘導で！  すでにYouTubeにも快眠、熟睡ヨガ10分くらいのあると思うんですけど、もう少し長いのでかつ初心者向きではなくサロンで日々タイチメゾットを取り組んでる人向けのが欲しいです🥰  moshの月〜日曜日20分の固定にある感じで、 朝ヨガ、夜ヨガの動画置いて頂けると毎日やりやすいです🫡  YouTubeでも色々あるし、太陽礼拝もいいんですが、なんかタイチメゾットでやると全然違うんですよね〜なんでだろう、、 ご検討ください〜！,"【タイチ】
お！提案嬉しいです😊

頭に入れておきます👍
アンケート一度取りますね！",naho743413,タイチ,2025-12-25,https://discord.com/channels/1441619538293686387/1444479247669530664/1453653070201225277,1
,こんにちは！いつもわかりやすい説明でのレッスンありがとうございます！ 質問です！12月8日のアーカイブ45の胸を開くレッスンで、うつ伏せになり肘90度屈曲し胸を開いていくポーズですの事なのですが、レッスンを受けるまでは肘を肩の高さで伸ばして同じように胸を開いていたのですが、肘屈曲で行うポーズの方が肩周りの色々な筋肉に効いている気がしますし、胸の開き具合が伸展より断然効果あります！ 違いはなんでしょうか！？ 効く場所にかなり違いがありますが！？,"【maki329318】
誤字多くてすみません笑
違いがありますか！？笑",maki329318,maki329318,2025-12-26,https://discord.com/channels/1441619538293686387/1444479247669530664/1454035206729109575,1
,リクエストです🙏  長期旅行中なんですが、ヨガブロックなどのグッズを持って行くのが難しいので、できることを細切れでやっています。 グッズなし又は持ち運び可能な小さいグッズの範囲での、できるストレッチとかトレーニングコレクションがあると出先でもできて助かります。,"【タイチ】
旅行先や出張先シリーズですね！
リクエストありがとうございます🙂‍↕️

---

【しか414021】
今日のオンラインで途中から何もできないや！ってなってしまいました🙏よろしくお願いします！",しか414021,"しか414021, タイチ",2025-12-27,https://discord.com/channels/1441619538293686387/1444479247669530664/1454445028519710915,2
,Taichi 先生、今日朝のレッスンありがとうございました。最後の鳩王とても難しく、上半身は床と90度にはなりますが、それ以上に後ろに反ることが出来ません。感覚としては、臀筋が硬くて邪魔して反れないような感じです。腸腰筋は本日の鳩王に至るまでの様々な動きで痛くなっていました💦　何に重点おいてトレーニングすると良いと思われますか？,"【タイチ】
ありがとうございます！
まず先にお聞きしたいのですが、腸腰筋が痛くなってしまったということのは痛めてしまったという認識でしょうか？？

---

【LewesGlynde765570】
Taichi 先生、お返事ありがとうございます。しばらくして痛みは消えましたので筋肉を痛めてはおりません。

---

【タイチ】
臀筋が硬い感覚が強いのであればまずはリリースてすね！
筋膜リリースボールで全体的にお尻に当ててほぐしてあげて下さい🙂‍↕️

そこから入ると良いと思います！

硬い感覚がなくなるまでほぐした後にお尻の収縮を意識しながら腸腰筋と前もものストレッチを入れてあげて下さい！

呼吸は胸式呼吸で👍

---

【タイチ】
ちなみに補足で腰の柔軟性よりも腸腰筋と四頭筋、胸の柔軟性をつける事が近道です！

---

【LewesGlynde765570】
早速ご回答をありがとうございます。スクワット、デッドリフトなど筋トレで筋肉硬くなっているのだと思います！リリースボールストレッチ、教えて頂きました部位のストレッチ行ってj柔軟性高めます！鳩王👑できたらご報告しますね！　お礼まで😉",LewesGlynde765570,"LewesGlynde765570, タイチ",2025-12-27,https://discord.com/channels/1441619538293686387/1444479247669530664/1454458892422479966,5
,筋膜リリースボールでほぐすのとマッサージガンでほぐすのは効果は全然違うのでしょうか？,"【タイチ】
筋膜リリースボールとマッサージガン、効果が「全然違う」とまでは言い切れないけど、狙えるポイントが結構違います🙂‍↕️

マッサージガンは振動で広い範囲を手早くゆるめるのが得意なんですが、ガンは素早く小刻みに当たる→離れる→当たる→離れるを繰り返すので、狙った一点への圧が途切れやすい＝リリース感が弱くなることがあります。

一方ボールは、ずっと触れた状態で圧をかけ続けられるので、同じポイントに連続して刺激が入りやすく、硬さや引っかかり（癒着っぽい感じ）がほどけやすいのが強みです。

なので使い分けとしては、
・ピンポイントのコリ/癒着を緩める→ボール
・広い範囲を短時間でゆるめる→ガン

の使い分けを覚えておくと良いと思います！

---

【いの765354】
とてもわかりやすくて丁寧な回答をありがとうございます。
まだ手元にボールがなくてマッサージガンで代用していましたが、早くボールを使って筋膜リリースしたいと思いました。
今後ともよろしくお願いいたします。",いの765354,"いの765354, タイチ",2025-12-28,https://discord.com/channels/1441619538293686387/1444479247669530664/1454684757760671868,2
,質問です！ライブレッスンの内容を3日に分けて細切れで行うのと、2時間分まとめて行うのと効果に違いはありますか？ 幼い子どもがいて一度に2時間取ることが難しい&体が硬過ぎて途中で疲れてしまいます😂,"【タイチ】
効果は変わらないと思います！
なので3日に分けてやって頂くのもありです！

ただ構成的には後半のメインパートまで繋がりを持たせてるので、1レッスンを通しでおこなった方が変化スピードはあると思っといて下さい🙂‍↕️

育児と両立させれてる時点で偉すぎるので、ご自身を褒め讃えることもお忘れなく👍",末山佳南,タイチ,2025-12-28,https://discord.com/channels/1441619538293686387/1444479247669530664/1454821785219498135,1
,足を広げて前に伸ばし座った姿勢で、かかと横に置いたブロックを行ったり来たりまたぐ腸腰筋のエクササイズですが、大腿直筋にきいてしまってる気がします。そもそも骨盤を立てた状態キープで足を上げること自体難しいです。舟のポーズをとるのも苦手でやはり大腿直筋が痛くなってしまいます。(そもそも足の付け根の中央よりちょっと外側あたりは大腿直筋で合ってますか？) 腸腰筋が入るための条件の何かが欠けているのでしょうが何だと思われますか？わたしのような代償が出やすい人間でも大腿直筋に入らずに腸腰筋を強化できるエクササイズは何かありますか？ よろしくお願いいたします。,"【タイチ】
ご質問ありがとうございます！

その場合は主に内転筋が使われていないです！
大腿直筋のやや外側だと大腿筋膜張筋or外側広筋の付け根になると思いますがどちらにせよエラーフォームなので内転筋を使えるようにしないといけないです！
足を広げていたとしたも足を閉じる船のポーズだとしても内転筋が働かないと腸腰筋で足を持ち上げる事はできません。

改善策
①船のポーズの場合
ティッシュを膝の間に挟み落とさないぐらい内腿を締めて船のポーズをしてみて下さい！
この時お腹は薄く引っ込めて、胸式呼吸をおこなうことです☝️
②足を広げた場合
実際にやらなくても良いですが、広げた足の間に大きいバランスボールを挟んでるとイメージしてください。家にある場合は実際にバランスボールを挟んでも構いません！
そのイメージで内転筋を使い、ここもお腹を薄く引っ込めながらやってみて下さい！

最初はどちらの場合も外腿の付け根に効くようであれば大腿筋膜張筋の筋膜リリースをした方が良いです！
横向きに寝転がって両膝を90度に曲げて重ねて大腿筋膜張筋に当てて体を前後に動かします🎾
この後にやるとかなり軽くなると思います👍",Ciel130959,タイチ,2025-12-29,https://discord.com/channels/1441619538293686387/1444479247669530664/1455090006124134644,1
,認証,"【FBC運営サポート🌿】
@ともみ764251 
既にMOSH IDのご入力をしていただいておりましたので、認証済ユーザーにご登録させていただいております。
そのため「認証」のご入力を行なっていただく必要はございません😌
今までと変わらずご利用いただけますのでご安心くださいね。

MOSH ID未入力、ご連絡が確認できないお客様への対応としてこちらの認証システムを導入させていただいております。

どうぞよろしくお願いします！",Asako765343,FBC運営サポート🌿,2025-12-29,https://discord.com/channels/1441619538293686387/1444479247669530664/1455152601753452606,1
,お世話になります。 質問です。 STEP38の横開脚レッスンの後半にある腸腰筋を鍛えるエクササイズですが、軽く開脚した状態で膝を曲げて肩に近づけるときに股関節が詰まった様な嫌な感じの痛みが発生してしまいます。 やり方が間違っているのでしょうか？ もう一つあります。 開脚が90度ちょっとしか開きません。 それ以上開こうとするとそのときも詰まるような(骨があたるような)嫌な痛みがでます。 その場合、どこを鍛えていけばいいのか？どの部分のストレッチが必要なのか？ご教示いただきたいです。 よろしくお願いします🙇,"【タイチ】
ともみさん、質問ありがとうございます！

恐らく長座してもらった時に骨盤立たない感じでしょうか？🤔
あと、開脚した時も立たないようなイメージで動いてるかと思います！
そもそも開脚で足を広げるには骨盤が前傾(お尻の筋力を使って内腿が伸びてる状態)であることと、お腹が薄く引き込まれている状態(お腹はドローインで胸式呼吸)でないとその詰まり感が出てきます！

要はお腹の力が入っておらず、お尻の力も入ってない開脚の状態で膝を肩に近づけてしまってると思います！

なのでまずはお腹を引き込むドローイングと胸式呼吸の練習をして下さい！⇨アーカイブ33
そして今月の第4回目の""初心者でも変われるロジカル開脚クラス""で骨盤前傾の開脚に関しては詳しく解説します！
ぜひご都合合えばリアル参加して下さい！(もろちんアーカイブでも⭕️です)",ともみ764251,タイチ,2026-01-01,https://discord.com/channels/1441619538293686387/1444479247669530664/1456208188943761508,1
,認証,"【タイチ】
ユウコさん！
こちらのページは認証と送られても反映されないです！
ちなみにこのページを見れるということは既に認証済みだと思います👍",유유,タイチ,2026-01-07,https://discord.com/channels/1441619538293686387/1444479247669530664/1458427025403547834,1
,お疲れさまです！ 時短の胸椎の動画の中で、胸の後ろにブロックを置いて胸・首を反らせる動きで吐き気を催してしまうんですが、改善策ありますか？😭,"【Deleted User】
同じく気持ち悪くなってしまったので気になります。

---

【BAL781721】
私も…同感です🖐️",ひ782024,"Deleted User, BAL781721",2026-01-08,https://discord.com/channels/1441619538293686387/1444479247669530664/1458805063857209522,2
,猫背巻肩、Ｘ脚内股、内腿筋力弱しです。 ジャンプなどすると時々膝の上部に痛みがでます。左膝です。不調は左側が多いです。 どうすれば良いですか？,"【タイチ】
@everyone 

## 【1/17 質疑応答LIVEのアーカイブ配信】
こんばんは🌃

1月17日に配信しました質疑応答LIVE のアーカイブを公開しました！
サチコ743135さんまでの質問を回答しています！

ご自身の質問への回答はもちろん、
「他の人の質問を聞いて、自分の悩みも解決できた！」という声も多く届いています✨

1人では気づけなかった発見や、
体をより良く動かすためのヒントがたくさん詰まっています!

🧘‍♀️ぜひお好きなタイミングでご視聴ください👇
https://mosh.jp/user/memberships/224082/posts/102817",サチコ743135,タイチ,2026-01-09,https://discord.com/channels/1441619538293686387/1444479247669530664/1459137387094610084,1
,肋骨をしめる！について🙋‍♀️ 肋骨の開きがひどく（リブフレアってヤツですかね😅）なかなか内に引き込んで下げる。をキープする事が出来ません。息をしっかり吐いてしめて下げるはなんとか出来るのですが、息を吸うと広がってしまう🥺この時、呼吸はどの様にしたら？お腹に入れる、胸に入れる？,"【タイチ】
前回の質疑応答LIVEで答えれなかったので、先にテキストで回答しますね！
吐く時にお腹を締めて肋骨を中に入れた後の鼻から吸う息は、肺に入るので胸と背中が膨らむように吸います🫁

そしてその時の肋骨はというと、肺に呼吸が入る為実は開きます！
そしてその時のお腹の状態は薄くしたままです。
特にお腹の下腹部あたりはかなり薄くなる必要があります。
これは過度に骨盤前傾するとお腹の力が抜けた肋骨の開きを導いてしまう為に、下腹部で骨盤をニュートラル(やや前傾)に保とうとする力を維持する事が大切です。

なので下腹部が抜けて骨盤が前傾(反り腰)になり肋骨が開くのはダメですが
下腹部に力が入った状態で、吸う呼吸が胸に入って肋骨が開いてるなら問題ないです！

どっちも肋骨が開く動作が結果的に起こるのでそこの見極めが大切になります！",はるた,タイチ,2026-01-09,https://discord.com/channels/1441619538293686387/1444479247669530664/1459175565880721428,1
,質問です🙋🏻‍♀️  お腹を薄く、引き込む は良く出てくる基本ワードではありますが その際のお腹は かためず柔らかい状態でしょうか？,"【タイチ】
はい！表面の腹直筋は柔らかい状態です！
ただ指を奥に突っ込んで奥の深層が硬くなっていればできています👍
要は胸式呼吸ですね！",ゆかり781723,タイチ,2026-01-10,https://discord.com/channels/1441619538293686387/1444479247669530664/1459378748704030731,1
,コブラのポーズで足の甲をつく時に、足の甲がつるのですが、どうしたら良いですか？🥲,"【タイチ】
シンプルに足底筋の運動不足だと思います！😅
なので足裏を使うアーカイブ
①月曜の時短トレ足首編
をやったり、
②タオルを指で掴むタオルキャッチトレーニング
をやるようにしてみて下さい！",H 781712,タイチ,2026-01-10,https://discord.com/channels/1441619538293686387/1444479247669530664/1459379137729925319,1
,いつもありがとうございます！ 質問です。  スワンのポーズの時に、お尻の伸びも感じますが、同時に股関節付け根部分(鼠蹊部らへん？)の痛みがあります。 ストレッチを深めると痛みも強まります。 どこをどう改善すればいいでしょうか？🙇‍♀️,"【タイチ】
みかんさんありがとうございます！

股関節が内旋しすぎていて内腿が詰まってる状態ですね🤔
なので、アーカイブNo.50でもお伝えしてるのですが

①小指側の側面で床を押す
②膝の外側で開く(できたら床に近づける)

この感覚がまず前足に関しては重要になります！
苦手であれば
▪️クラムシェル
▪️バンドウォーク

のトレーニングが必要になります👍

あとは、スワンのポーズ時に

③お腹が薄くできているか
④後ろ足のお尻を使えているか

ここに注目してみて下さい！
さして最後に内腿の硬さ原因なので

⑤内腿を伸ばすアーカイブ開脚編
などをやってみるのも良いと思います👍

---

【みかん744394】
丁寧に教えていただきありがとうございます🙇‍♀️
ポイント押さえながらやってみます！
⑤は横開脚のアーカイブということであってますでしょうか？🤔

---

【タイチ】
⑤その通りです🙂‍↕️👍

---

【みかん744394】
ありがとうございます🙇‍♀️",みかん744394,"みかん744394, タイチ",2026-01-10,https://discord.com/channels/1441619538293686387/1444479247669530664/1459383448300159116,4
,筋膜リリースボールで胸をほぐすとき、バストの肉でうまくボールが当たりません。対策ありますか？,"【Naomi390526】
私も同じです。最初の場所だけちゃんと当たるけど、移動するともうムリで、ずっと同じとこほぐしてます笑

---

【はる782206】
わたしも他のところでコメントしましたが、同じです。同じところ解してます😅

---

【タイチ】
ブロックの上にボールを置いて
その上にうつ伏せで乗ってみて下さい！
いかがでしょう？？🤔

---

【サチコ743135】
やってみました！よく入るようになりました。ありがとうございます。",サチコ743135,"Naomi390526, サチコ743135, はる782206, タイチ",2026-01-11,https://discord.com/channels/1441619538293686387/1444479247669530664/1459673580194500713,4
,全身を柔らかくするのが目標なんですが、アーカイブ動画のテーマ別を毎日ローテーションしたらいいんでしょうか？ それともある程度の期間同じテーマのストレッチを毎日続けた方がいいですか？,"【タイチ】
結論全身を満遍なくストレッチできていれば、同じテーマでもテーマを変えて頂いてもどちらでも問題ありません！

気をつけたいのは、クラスレベルが合っているかどうか、そしてどういうふうに全身を柔らかくしたいかによって受けるレッスンの選び方が変わります！

良ければより詳しくそれについて教えて下さい😊

---

【りな788081】
お返事ありがとうございます🙇🏻‍♀️
首肩背中肩甲骨の凝りが辛くて、そのせいで頭痛がすることもあるので、体の不調をなくすために全身を柔らかくして整えていきたいです。
巻き方もあるのでとりあえず肩甲骨をテーマにしたアーカイブをしてます！現状は片方の手を腰に当て、反対の手を耳上に置いて首を傾ける動作で首が全然傾かなかったり、うつ伏せになり腕を90度にして腰を捻り、胸を伸ばすストレッチは右胸を伸ばす時はかろうじて左足が床に着きますが、左胸を伸ばす時は右足は床に着きません。
後、お尻トレーニングをしてるのでお尻周りのストレッチや横開脚のストレッチもしてます。
まだまだ全然で、骨盤を立てて前傾が難しく足を開いても膝が曲がってしまいます。
横開脚のアーカイブをやり過ぎて今は右太もも付け根を痛めてしまってお休みしています。",りな788081,"りな788081, タイチ",2026-01-11,https://discord.com/channels/1441619538293686387/1444479247669530664/1459885726744186890,2
,前屈で手が床につかないレベルの硬さで、運動不足もあり毎週のアーカイブはキツすぎてついていけてません。その場合はショート動画を毎日しながら体力をつけていく感じでしょうか？それとも、毎週のアーカイブをできるところまでやっていく方がいいですか？20〜30分くらいで限界がきてしまってます。,"【タイチ】
なるべくアーカイブ動画を長くやることをおすすめします！
が、その日の体調等も、含めて20分のショート動画でも問題ないです！
2月からは15分、30分、45分のショート動画を増やしていくのでそちらもぜひ活用頂ければ1日の中で上手く取り入れられると思います！😊",しのゆか765479,タイチ,2026-01-11,https://discord.com/channels/1441619538293686387/1444479247669530664/1459890028581748831,1
,横開脚を目指すには縦開脚動画のストレッチもした方がいいですか？,"【タイチ】
りなさんの現状の中で、膝が伸び切らなかったり足首が90度にならなかったり、足を開いた時に前ももを使ってしまうなど、足の前後にエラーがあるのであれば同時並行で縦開脚も練習させた方が良いです👍

---

【りな788081】
ありがとうございます🙇🏻‍♀️
縦開脚も練習してみます！！",りな788081,"りな788081, タイチ",2026-01-12,https://discord.com/channels/1441619538293686387/1444479247669530664/1460083238314705001,2
,呼吸が深く吸えません。 深く吸えるようにするにはどうしたらいいですか？,"【Kaori 744755】
りなさん、私も過去に呼吸が浅くて胸が苦しくなる感覚があったのですが、深く呼吸しようとして、知らず知らずに力が入ってしまっていたのが原因でした🥺私の場合は背中を地面につけようと意識しすぎていたようです。
リラックスして、全身の力を抜いて口をぽかんと開けてゆっくり深呼吸してみてください✨",りな788081,Kaori 744755,2026-01-19,https://discord.com/channels/1441619538293686387/1444479247669530664/1462607350002352353,1
,足首が硬くて、しゃがんだ時に踵が床につきません。コテンと後ろに倒れちゃいます。 足首の柔軟性あげる方法教えてください。>< 後、最近膝から動いているからか少し左膝の方に違和感あります。痛める前兆を感じます。股関節から動くいいみたいに聞きますが、股関節運動とはどの様な感覚でしょうか？><,"【ゆかっち781885】
私も同意です🥲
コテンと後ろに倒れちゃいます😱
足裏を入念に解してからお腹周りを解し、前腿とハムストリングスを解しても足首の硬さが残ってる感じがして💦
お助け求めます🍀*゜🆘",jiji 763658,ゆかっち781885,2026-02-11,https://discord.com/channels/1441619538293686387/1444479247669530664/1470956797907963924,1
,いつもお世話になっています😊 質問です。 前腿の張りが強いのと股関節が詰まります。何番のストレッチを行えば効果的ですか？,"【タイチ】
はるさんこんばんは！

テキストで答えますね👇
No.23.40,50あたりをやってみて下さい！
1ヶ月間ぐらいはこの3つを回しながらLIVEレッスンも参加して頂ければ良いと思います☺️

---

【はる782206】
タイチさん、返信ありがとうございます😊お尻プリッのNo.47と合わせて早速やってみます！いつもご丁寧な回答ありがとうございます✨",はる782206,"はる782206, タイチ",2026-02-16,https://discord.com/channels/1441619538293686387/1444479247669530664/1472826520677388382,2
,2/14のLIVEレッスンリアルで参加しましたが、今、アーカイブやってました。開脚のとき、少しだけお尻プリッが意識できました✨坐骨でしっかりマットをとらえる感覚🤔 でも、やっぱり骨盤後傾なので背骨を反らすことがなかなかできず、丸くなってしまいます😭胸椎の動きも悪いです😢 おすすめのテキストありますか？,"【タイチ】
はるさん返信遅くなりました🙏
今日出した30分のショート動画はお尻プリも練習できますし骨盤前傾に持っていきやすくなると思います！
基本的に内腿が弱いと骨盤が後傾加速し裏ももとふくらはぎが硬くなってくるので一旦30分ショート動画と合わせて、51.26.23あたりで下半身をやってみてください！
胸椎伸展は、53.28.31あたりで上半身もやってみてください！

---

【はる782206】
タイチさん、いつもご丁寧にアドバイスありがとうございます！
体の変化を少しずつ感じているので楽しみながらおすすめアーカイブとLIVEレッスンにも引き続き参加します😊
いつもありがとうございます✨",はる782206,"はる782206, タイチ",2026-02-16,https://discord.com/channels/1441619538293686387/1444479247669530664/1472964015796912319,2
,いつもわかりやすいストレッチありがとうございます！ 質問です。 スワンのポーズの時、左足を90°に曲げて右足を後ろに伸ばした時、左足の裏ももあたりがガクガクなります。これは裏ももが固いせいでしょうか？,"【タイチ】
伸びている感覚はありますか？
もしかしたらその形でやること自体にハムストリングスが、新鮮で「なんだこれは、、」と筋肉がこわばってるのかもしれないですね！
痛みがなければそのまましても大丈夫です！
心配ならトレーニングしてからスワンのポーズをすると良いです！
トレーニングはアーカイブ51膝が曲がるを変えるでハムのトレーニングが出てくるので参考にやってみて下さい✨",りな788081,タイチ,2026-02-25,https://discord.com/channels/1441619538293686387/1444479247669530664/1476061619837472985,1
,お返事ありがとうございます！ 伸びている感覚より痛みの方が強いです。 無理にしない方が良さそうですね。 アーカイブの51を繰り返し練習してみます！ ありがとうございます🙇🏻‍♀️,"【タイチ】
本来は、前足の小指側の側面+膝の外側の側面で床を押すことも意識させます！
もしかしたや意識するとマシになるかもしれません🤸

---

【りな788081】
そこ意識できてなかったかもしれません！
早速ポイントに注意して実践してみます😳
たくさんのアドバイスありがとうございます！！

---

【タイチ】
頑張って下さいね😉✨",りな788081,"りな788081, タイチ",2026-02-25,https://discord.com/channels/1441619538293686387/1444479247669530664/1476166792907853939,3
,@everyone   ## 【質疑応答LIVEのアーカイブ配信】  こんばんは🌃 本日の質疑応答LIVEを配信します👇  ご自身の質問への回答はもちろん、 「他の人の質問を聞いて、自分の悩みも解決できた！」という声も多く届いています✨  1人では気づけなかった発見や、 体をより良く動かすためのヒントがたくさん詰まっています!  🧘‍♀️ぜひお好きなタイミングでご視聴ください👇  https://youtube.com/playlist?list=PLcR4m2aFRv08oIfu4XDuPeuKs6X6udpj4&si=iagb0hGRd1Hq4I3v,"【Aki763562】
質問にご回答いただきありがとうございました😊✨
立ったまま出来る動画作りましょうかって仰っていただいて嬉しかったです😭❤️
ありがとうございます！！✨

職場用にヨガブロック買って早速実践させていただきます！！
ご回答ありがとうございました😊✨！！",タイチ,Aki763562,2026-02-25,https://discord.com/channels/1441619538293686387/1444479247669530664/1476195363013791825,1
,いつもありがとうございます😊 08の質疑応答LIVEが2つUPされてます💦 番号がダブっただけかな？と、思ったのですが内容も同じようです。他のと間違えてUPされてないといいのですが😣,"【タイチ】
質疑応答LIVEの再生リストを載せ直しました！
09を見て頂くと最新のアーカイブが閲覧できます☺️
ご指摘ありがとうございます♪",はる782206,タイチ,2026-02-26,https://discord.com/channels/1441619538293686387/1444479247669530664/1476499496669155328,1
,ここで質問していいものなのか分かりませんが、今月から始まった毎日オンラインライブレッスン、アーカイブ配信はないのでしょうか。夜の配信になると時差のため絶対参加できません。短い時間のレッスンなので取り組みやすいかなと期待していたのですが、アーカイブ配信なしでは海外組はオフ会も含め取り残された感が否めません。3月は日本に2週間ばかり滞在するので、少しは参加出来ればと思っていますが、アイテムもないし旅行中ということもあり毎日参加はできないと思います💦一週間でもいいのでアーカイブで配信されたら嬉しいです。よろしくお願いします🙏,"【タイチ】
承知しました！
アーカイブ残すようにします😌
毎回告知はせずにアーカイブに残していきますので好きなタイミングで視聴して下さい！

---

【Naomi390526】
ありがとうございます😭😭😭毎日ではものすごい量のアーカイブになるのは理解しているので、配信から一週間みたいな感じでも構わないので利用できたら嬉しいです。ヨガもピラティスも大好きなのでたくさん活用していきたいです♥️",Naomi390526,"Naomi390526, タイチ",2026-03-03,https://discord.com/channels/1441619538293686387/1444479247669530664/1478281881115037747,2
,ここに質問するのが正しいのかわかりませんが、書き込んでみます。 内転筋が固めで、開脚するとどう頑張っても骨盤が後傾します。実は長座も最近ようやく出来るようになったレベルです。開脚して身体を前に倒せるようになりたいです。 アーカイブ閲覧すべきものがあればご教示頂きたいです。 よろしくお願いします。,"【タイチ】
あやめさんご質問ありがとうございます！
中臀筋を鍛える+もも裏〜ふくらはぎを伸ばす。ということが必要なのと
母指球で押す+ 内腿を使うということが必要です！

アーカイブに関しては番号でお伝えすると52.51.33.34.35.36.37.38の順番で一度継続してみて下さい！

少しずつやりやすくなると思うのでまた感想や質問などあればおっしゃって下さい🙂‍↕️

---

【櫻あやめ】
タイチ先生
アーカイブの順番も教えてくださって、有難うございます！まずはトライですね、ビフォアフの写真も撮るようにいたします！
有難うございます☺️",櫻あやめ,"櫻あやめ, タイチ",2026-03-05,https://discord.com/channels/1441619538293686387/1444479247669530664/1479114225501864037,2
,質問です！ 腸腰筋を鍛えるトレーニングで、足を片方ずつ上げる動きなんですが、右足は腸腰筋に効いてる感覚があるんですが、左足はどうしても前腿に入ってしまいます。 タイチさんの説明にある、かかとを床に押しながら膝を伸ばしてしても内転筋が使われてる感覚も掴めません。側屈も右より左の方が固いです。 左の腸腰筋が弱すぎるせいでしょうか？,"【タイチ】
弱いのもあると思うのですが、足裏が使えてない可能性が高いです！
腸腰筋を使うには母指球から内腿を繋げれないといけません。👍
なので、右足は母指球から内股の繋がりがあって腸腰筋から折れる感覚があると思います！
左も同じようにできる必要があります。
月曜の足首編を実践してから左足の母指球から内腿を繋いであげるように一度試してみて下さい🙏

---

【りな788081】
お返事ありがとうございます。
腸腰筋とばかり思っていましたが、足首編やってみます！！",りな788081,"りな788081, タイチ",2026-03-06,https://discord.com/channels/1441619538293686387/1444479247669530664/1479143838810374285,2
,今日のライブレッスンありがとうございました！自分史上最高に前屈できました！  そこで、腸腰筋と内腿を使う話があったのですが、母指球を前にすることはできるのですが、どうしても内腿が使える感覚がありません。O脚でもあり、内腿が相当弱いんだと思います。(ライブでたいちさんが「危機レベル」と言ってたくらいのレベルです)  そこで、質問というかお願いなのですが、内腿を使えるようになるレッスンをお願いできないでしょうか？(すでにアーカイブあったらすみません) O脚もずっと悩みなので、改善したいです。  書き込む場所が不適切でしたら、すみません🙇‍♀️よろしくお願いします！,"【タイチ】
あきえさんご意見ありがとうございます！
O脚だと中々難しいですよね😓
僕もO脚なので気持ちわかりますよ！
股関節から内旋させる感覚はわかりますでしょうか？
昨日のレッスンで座って膝を90度にしたまま手を膝の内側から添えて、手と膝の内側で押し合う動きです！
あれを実践して頂くと母指球から内腿が繋がる感覚がわかると思います👍

---

【あきえ728514】
お返事ありがとうございます！
手と膝で押し合う動きで内腿の感じわかります！しばらくこれを続けてみようと思います。
あと、股関節のアーカイブ(昨日見ました)でも内腿使う動きがたくさんあったので、こちらも繰り返しやってみようと思います！",あきえ728514,"あきえ728514, タイチ",2026-03-08,https://discord.com/channels/1441619538293686387/1444479247669530664/1480188775320653997,2
,3日連続レッスンありがとうございましたー！  肩が詰まる、股関節が詰まるって感覚がよくわからないんですが、実際どんな感じになるんでしょうか？ 特に違和感感じてないと思ってるんですけど、そーすると詰まって無いってことでしょうか？？,"【タイチ】
そうですね、違和感に近いです！痛みにも近い感覚ですね！

なければ非常に関節の動きが良く、詰まってない状態だと思います👍",ずっきー763893,タイチ,2026-03-08,https://discord.com/channels/1441619538293686387/1444479247669530664/1480190741895577622,1
,質問がこちらで良いのか分からなかったのですが、伺えたらと思います。  折りたたみ前屈レッスンに参加できなかったのですが、代わりになるおすすめのアーカイブはございますでしょうか。 みなさんの感想を拝見して、どうしてもやりたくなってしまいまして😆,"【タイチ】
maiさん先程折りたたみ前屈クラスのアーカイブを配信しましたのでぜひ活用下さい🙂‍↕️🙏

---

【mai 594539】
早々にご対応いただいて、ありがとうございます！
活用させていただいて、しっかり筋肉痛と前屈の変化を感じたいと思います💪",mai 594539,"mai 594539, タイチ",2026-03-09,https://discord.com/channels/1441619538293686387/1444479247669530664/1480419601975214182,2
,今週のZoom撮影会について質問とご相談です。撮影すべきポーズの写真例を、画像でDiscord上に上げていただくことは可能でしょうか？  個人的な事情で恐縮ですが、自宅はとても狭くて撮影はもちろん自由に動くこともままならず、ライブやアーカイブを視聴しながら動けるスペース(ジム)は、本来撮影禁止です。ライブ視聴で内容を理解し、撮影自体は別途場所を確保して撮影することを想定しています。  あまりこういう方はオンラインサロンにはいないかもしれませんが、可能であればご検討いただけると助かります。,"【なな426430】
度々失礼します。
撮影会、もし参加と撮影を分けることが難しいのであれば、開催日程に合わせてスタジオを予約します。どのような撮影会なのか、教えていただけると助かります。

---

【タイチ】
Naokoさんありがとうございます！
撮影会の内容ですが、後屈、開脚、前屈、姿勢チェック、x脚o脚チェックなど現状の柔軟性を確認する撮影会となります！
少しお時間あればLIVE形式で質疑応答もやってますので良ければご参加下さい！

もしご参加頂けるのであればぜひお待ちしております☺️

---

【なな426430】
3/12(木)14時〜の時間帯でスタジオを予約し、撮影会参加の準備が整いました。Beforeの撮影は、トレーニングの効果を知るためはもちろん、途中のモチベーション維持のためにも、とても大事だと思っています。楽しみにしています。

---

【タイチ】
こちらこそお待ちしております👍😊",なな426430,"なな426430, タイチ",2026-03-09,https://discord.com/channels/1441619538293686387/1444479247669530664/1480548752304373760,4
,ビフォー撮影会参加しましたー！ 録画できてなかったっぽい🤣  できてたらどこに保存されますかね？？,"【タイチ】
やっぱりそうですよね😓🙏
後から気づいたのですが、シンプルに内カメラでタイマーセットで撮影できると思います！
お手数ですが明日以降再チャレンジして頂きたいです！

---

【ずっきー763893】
了解です🫡
夜なら参加できそうなのでリベンジします！",ずっきー763893,"ずっきー763893, タイチ",2026-03-09,https://discord.com/channels/1441619538293686387/1444479247669530664/1480564895266377819,2
,骨盤股関節リセットクラスの30分ショートレッスンを行いました。 カエルのポーズの際にお尻が動いてる感覚が全くありません。 スキマ時間でもできることがあればアドバイスしていただけるとありがたいです！,"【タイチ】
クラムシェル×20 ⇨
カエルのポーズ

は気軽にできてかなりオススメの流れです！

今週の3/14のLIVEレッスンは開脚をテーマに開催するので、その際に☝️の流れを実践していきます！
お時間合えばぜひご参加下さい🙂‍↕️

---

【よこす】
ありがとうございます！実践してみます！",よこす,"よこす, タイチ",2026-03-09,https://discord.com/channels/1441619538293686387/1444479247669530664/1480572055073198110,2
,初めまして  初めてでよくわからないのですが明日朝の柔軟性チェックのレッスンは 明日朝にズームのお知らせがありますか？  また開脚が出来るようになりたくて先月初めにオンラインでプライベートレッスンを受講したのですが 結構ハードでその際に左お尻の辺りがグキッとなり、以来前に倒すと左お尻から太腿裏の辺りに変な違和感があります。その為受講前の方が前に倒せた感じです。 これはどうなったのでしようか？ どのようにすれば 違和感は治りますでしょうか？ 宜しくお願いします,"【タイチ】
ふじさん

はじめまして。
明日の朝にリンクを配信致します🔗
オンラインパーソナルでどのような動きの時にどう痛めた感じか詳しく教えて頂けますでしょうか？🤔

---

【フジ🐬822099】
ご返信ありがとうございます😊

急用で今朝は受講出来ないかもです😢

どんな動きかよく覚えてないのですが結構キツイ動きを60分してから
最後に前屈を深める動きをしていたらグキッと音がしました😳

---

【タイチ】
もしかすると足を内旋して開脚前屈しなかったのではないでしょうか？
そうした場合痛めてしまいますね😥

---

【フジ🐬822099】
痛めたところは大分マシになりました。
足を内側に倒す感じですか？
それから鳩のポーズですが足を肘にかけてお尻までは行くのですが
反対の手を頭の後ろから
伸ばしても手と手が繋がらず
(以前は繋がったのですが)
練習の仕方を教えて頂けたら嬉しいです

---

【タイチ】
鼠蹊部から足を内に倒さないといけないです👍

鳩のポーズについて

準備
①スワンのポーズでお尻を伸ばす 2分 左右
②あぐらで片手で反対の肘を後ろに引いて二の腕を伸ばす 2分
③ローランジの形から、後ろ足の膝を曲げて、足の甲を手で掴み四頭筋を伸ばす 2分ずつ

合計 12分

ハーフピジョン実践
①前足で床を押して、腹圧を入れる！
②後ろ足(曲げる足)のお尻の収縮を感じる
③腹圧を入れたまま上半身を起こす
④後ろ足を肘にかけたら、ただかけるのではなく足の甲で肘を後ろに押し引く
⑤手を繋ぎにいく前から上げる手は一度耳の横(いければ頭の後ろ)に持ってきてから肘を曲げる
⑥土台を安定させて繋ぎにいく

実践してみて下さい🕊️

---

【フジ🐬822099】
タイチさん
とてもお忙しい中
お答えいただいてありがとうございます🙏

肩の力を抜いて
ちょっとハーフピジョンやってみたところ完璧と行きませんが
両方とも手が繋がりました！これは嬉しいです。

教えて頂く方
意識するところ
とても大事ですね^ ^

スワンは足を横に流すと
上半身が前に倒れそうに
なるのですが何が原因でしょうか？　
練習になる動画が
あればまた教えて下さい

アミさん、おもちさんの
ご質問にも私も
共通するところが
ありますので
お答え参考にさせていただきますね。",フジ🐬822099,"フジ🐬822099, タイチ",2026-03-10,https://discord.com/channels/1441619538293686387/1444479247669530664/1480591798291136533,6
,昨日のレッスンで手首の柔軟において質問です。 右手首が異常に硬いようで、手のひらを回して腕の内側を伸ばす行為が全然動きません。ちょっとでも動かすと激痛が走ります😭 何か他のアプローチで少し動くようにしてあげないと可動域が広がらないように感じています。何かおすすめの物はないでしょうか。,"【タイチ】
ありがとうございます！
段階を踏むことが大事ですね🔑
レベルを下げ壁を使用したストレッチを動画で解説しているので参考にして下さい！

---

【ゆきえ821697】
ありがとうございます！！
早速実践します！",ゆきえ821697,"ゆきえ821697, タイチ",2026-03-10,https://discord.com/channels/1441619538293686387/1444479247669530664/1480592391005147342,2
,柔軟性チェック&Before撮影会に参加したいのですが、ZoomのURLは直前にDiscord内で配信されますか？ 過去の投稿を見ても撮影会のZoom URLが見当たらなかったので、ご質問させていただきました🙇‍♀️,"【タイチ】
はい！当日に配信しています！
スケジュールから参加可能な日時を選んで頂いてぜひご参加下さい😊",Hiroko256904,タイチ,2026-03-10,https://discord.com/channels/1441619538293686387/1444479247669530664/1480834492552712223,1
,肩甲骨の時間トレ15分の内容で質問です 脇を掴んだ状態で腕を捻る時、肩周りがポキポキ言うのはなぜでしょうか？,"【タイチ】
肩から腕を動かしている状態➡️

⬅️肩甲骨から腕を動かしている状態

恐らく右側の動きになってるのではないかと思います！

肩甲骨から腕を動かさないと肩の骨と骨が擦り合いいずれ痛めてしまうかもしれません。

肩甲骨の動きに特化しているアーカイブ👇

(32) まず肋骨から整えて肩甲胸郭関節の動きを良くするhttps://mosh.jp/user/memberships/224082/contents/detail/285719

(43)肩甲骨リセット
https://mosh.jp/user/memberships/224082/articles/342263

(30)肩甲骨特化
https://mosh.jp/user/memberships/224082/videos/271466

(28)肩甲骨に特化
https://mosh.jp/user/memberships/224082/videos/277900

これらを実践してみて肩の様子を見て下さい！",ryoko818 822328,タイチ,2026-03-10,https://discord.com/channels/1441619538293686387/1444479247669530664/1480846243239297045,1
,初めまして！先日の特別無料レッスンに参加させていただき、1回のレッスンでも身体の変化をすごく感じたので入会しました！  3つほど教えていただけたら嬉しいです🙇‍♀️ ①Day3のレッスン後に足が筋肉痛になったのですが、太ももの内側面というより、裏腿の内側寄り辺りが筋肉痛になっています。アプローチする場所はあっていますでしょうか？ ②「母指球と小指球で足裏を平らにする」というお話があったと思うのですが、もともと扁平足で人差し指の根本あたりが硬く盛り上がってしまっていてその動きが難しく感じています。母指球と小指球で足裏を平らにできなくとも、まずは母指球を押し出すことを意識したらできるようになっていくでしょうか？ ③Day2の壁を使った巻き肩チェックで、肩がつくというのはどこまで着くのが正解でしょうか？腕の付け根まで全てつくのが正しいですか？  お忙しいところ沢山質問してしまって申し訳ないのですが、教えていただけたら嬉しいです！,"【タイチ】
はじめまして😊
ご入会ありがとうございます！そしてレッスンもご参加いただき1回で変化を感じてもらえて良かったです！

ご質問について順番にお答えしますね👇

①について
裏ももの内側寄り（ハムストリング内側）が筋肉痛になっているのはむしろ良い反応です！

Day3の前屈系の動きでは
・内腿（内転筋）
・裏腿（ハムストリング）
この2つが連動して働くことで、骨盤を正しい位置に保ちながら前屈できるようになります。
特に今まで
「腰を丸めて前屈するクセ」があった方ほど、
ハムストリング内側が反応しやすいのでアプローチは合っています👍

②について
扁平足の方は最初から
「母指球＋小指球＋かかと」で足裏を平らにするのが難しい場合が多いです。

なのでおっしゃる通り
まずは、母指球を軽く押し出す意識からで大丈夫です！

そこに慣れてくると
・小指球
・かかと
も自然と接地できるようになり、
足裏のアーチも少しずつ使えるようになっていきます😊

③について
巻き肩チェックの「肩が壁につく」というのは

✔︎腕の付け根あたりと肩の後ろ側が軽く壁に触れるぐらいが理想です。

ただし巻き型がひどく肩甲骨が上がったまま開いて日常生活を送られてる方は最初からいきなり触れるのは難しいので
「少し浮く」くらいでも全く問題ありません🙂

多くの方は
・胸の硬さ
・肩甲骨の前方化

によって浮いているだけなので、
クラスでやっているエクササイズを続けていくと徐々に変わっていきますし、そもそも正常な肩甲骨を上から見た場合35度前に巻いているのが正常(写真を参考に)なのでベタっとつくことではないと思っといて頂ければ大丈夫です🙂‍↕️

---

【な551308】
とても丁寧に教えていただきありがとうございます😭
ちゃんとした場所にアプローチ出来ているか不安だったので、安心しました！

これまでやっていたストレッチは一時的には少し楽になるものの、すぐ元に戻ってしまうことが多く、続きませんでした、、タイチさんのレッスンでは、その時の効果も大きいし数日間楽な状態が続き、根本的に改善できている気がしています！継続して正しい身体の使い方をマスターできるように頑張りたいです☺️これからよろしくお願いいたします！

---

【もこ781795】
@sena 728493 
昨日、参加しました！
基本の「き」の話が聞けてとても参考になりました！
ありがとうございます！

壁を使い、立位で呼吸の練習をする際なのですが、
かかと⇨頭⇨胸郭⇨骨盤を
壁につけた際に
太ももが張ります。またくるぶしの外側がつってしまったり、足裏が浮いてしまったりします。どのような意識を向けたらよかったですか。

---

【sena 728493】
もこさん毎日Liveレッスンのお部屋で回答してますのでぜひお時間がある時確認してみてください🥳

また一緒にやるの楽しみにしてます😆",な551308,"な551308, sena 728493, もこ781795, タイチ",2026-03-11,https://discord.com/channels/1441619538293686387/1444479247669530664/1481094379287613504,4
,こんにちは！最近入会しました。これまでのどのパーソナルやオンラインレッスンより、効果が出そうで楽しみです。 さて、私は痩せ型なのに下腹がぽっこりしているのが悩みです。 内臓下垂もありそうです。反り腰、巻肩、スウェイバックです。 そんな私がぺたんこお腹と、くびれと、ヒップのボリューム（お尻が小さい）を手に入れるには、どのコンテンツやトレーニング（スクワットなど？）をすると良いでしょうか？,"【タイチ】
こんにちは！
ご入会ありがとうございます😊
そう言っていただけてとても嬉しいです！

ご相談の内容を拝見すると、

・反り腰
・巻き肩
・スウェイバック
・内臓下垂気味
・下腹ぽっこり

このあたりが重なっている可能性が高そうです！

まず大前提として、
下腹ぽっこりは「お腹のトレーニング不足」というより、姿勢の崩れが原因のことが多いです。

特に

・骨盤前傾（反り腰）
・肋骨の開き
・肩が前に入る（巻き肩）

この状態になると、
腹圧が抜けて内臓が前に落ちやすくなり、下腹がぽっこり見えやすくなります。

なので最初のステップとしては

①骨盤ポジションの改善
②肋骨を締める感覚
③背中から腕を使う感覚

を作ることがとても大切です！

サロン内のコンテンツでいうと、まずは

・股関節クラス（骨盤コントロール）
https://mosh.jp/user/memberships/224082/contents/detail/384526

・ぽっこりお腹改善クラス
https://mosh.jp/user/memberships/224082/articles/371613

・巻き肩改善クラス（背中の使い方）
①https://mosh.jp/user/memberships/224082/contents/detail/415865 

②https://mosh.jp/user/memberships/224082/contents/detail/400482

・背中を使うクラス
https://mosh.jp/user/memberships/224082/contents/detail/419024

・肋骨を締めるクラス
https://mosh.jp/user/memberships/224082/contents/detail/285719


このあたりを優先して取り組んでみて欲しいです！

ここが整ってくると

・お腹が自然に引き上がる
・内臓が正しい位置に戻る
・お尻が使えるようになる

ので、そこから

・ヒップトレーニング
①https://mosh.jp/user/memberships/224082/contents/detail/274759

②https://mosh.jp/user/memberships/224082/contents/detail/292931

・お腹トレーニング
https://mosh.jp/user/memberships/224082/contents/detail/222884

・スクワット

などを入れていくと

ぺたんこお腹＋くびれ＋ヒップアップ

がかなり作りやすくなります。

またLIVEレッスンや可動域チェックの時にも体の状態を見ながらアドバイスできるので、ぜひ気軽に参加してみてください👍",みお640569,タイチ,2026-03-11,https://discord.com/channels/1441619538293686387/1444479247669530664/1481182357221408840,1
,初めまして！最近入会させて頂きました！ ストレッチする部位は、何分伸ばすのが可動域向上に最適でしょうか？？,"【タイチ】
しゅーごさん入会頂きありがとうございます！

可動域向上を目的としたストレッチは、1部位につき約2分程度伸ばすのが効果的です！

ポイントとしては
• 反動をつけない
• 強いめの痛気持ちいい程度で止める
• 呼吸は止めない

この3つを意識すると効果が出やすいです！

---

【しゅーご821968】
ご回答頂き、ありがとうございます！！",しゅーご821968,"しゅーご821968, タイチ",2026-03-11,https://discord.com/channels/1441619538293686387/1444479247669530664/1481213669948919909,2
,今日のライブレッスンありがとうございました。 長年、趣味ではありますがクラシックバレエをしております。 股関節を傷め、よくないコンディションのままコロナ禍に入り、閉じこもっているうちに股関節が悪い状態で固まってしまいました。 少しずつ戻ってきてはいるのですが、なかなか苦労しています。 よいリリースとストレッチのアーカイブ動画があったら教えてください。,"【タイチ】
ライブレッスンご参加ありがとうございました！😌
長年バレエの中で股関節を傷められたということで、無理せず少しずつ戻していきたいですね

リリースとストレッチが入ったアーカイブをおすすめさせて頂く前にいくつか質問させて下さい！

①どこが硬くなっていると感じていますか？(どこをリリースしたいか)
②どんな動きができるようになることを目標としていますか？(これによって行うストレッチとトレーニングが変わってきます)

ご回答お待ちしてます！

---

【yukiyuki511927】
タイチさん、お忙しい中、ご返信ありがとうございます。

悪いのは左なのですが、硬くなっていると感じるのは臀筋の奥の方と、左の大腿骨の付け根の外側(腸骨の突起からまっすぐ下に下ろしたあたりの脚の付け根)が癒着したみたいに張り付いているように感じていて、それが股関節内外旋、脚を凱旋した状態で股関節を折り畳む動きを阻害しているように感じています。

また、片脚で屈伸した時に、左はうまく股関節を折り畳むことが難しくて、変な代償動作が出てきます。
固めて守る癖がついてしまってるようです。

一時は普通に歩くのも難しかったのですが、いろいろな先生方にお世話になり、日常生活には支障のないところまで回復しています。整形外科の先生からも手術は不要と言っていただきました。
が、バレエの動きにおいては、片脚でまっすぐおりて(関節を折り畳んで)床を踏んでまっすぐ上がる、ということがうまくできません。
また、股関節がうまく折り畳まらないので、股関節外旋した状態で、脚もあがりません。

左半身は、人が当たり前に生まれつき身につけているプログラム(歩くとか走るとか、片脚に立つとかとっさにバランスを取るとか)が壊れてしまったように感じており、脳と体の再教育と股関節の可動域をできるだけ取り戻したいと思っています。

---

【タイチ】
yukiさん

お返事大変お待たせしました🙏
また、ご丁寧にご自身の状況も共有いただきありがとうございます。

長年クラシックバレエをされているとのこと、本当に素晴らしいですし、
股関節を痛めながらも少しずつ戻していけてるのはな過程だと思います！

コロナ禍で動けなかった期間も含めて
「悪い状態で固まってしまった感覚」があるのは良く聞く話なので心配しすぎないように！
焦らずに“正しく緩める⇨正しく使う”を積み重ねていきましょう◎

⸻

おすすめのアーカイブをお伝えすると、いきなり伸ばすよりも
**「リリース→可動域を出す→筋肉を使う」**の流れがかなり大切だと思います。なので👇

① 下半身の特化筋膜リリース

https://youtu.be/va5o1hiKfhQ?si=8bP9jihi1OvuvpZN

→ まずは股関節まわり（お尻・内もも・前もも）をしっかりゆるめる
→ 固まっている状態を一度リセットするイメージです

② 股関節クラス

https://youtu.be/Zt76wm92JmU?si=h66OBwXBjgiGyHl3

→ 無理に開脚を狙うというより、
　股関節の“はまり”や動かし方を知って、整えるクラスがおすすめです

③ 全身調整

https://youtu.be/YhO6MQUsMhY?si=j4on_duXFYKRcbp0

https://youtu.be/j0nISjUU-Yw?si=70BHnLBcrC92k7Dz

→ バレエやスポーツをされている方は特に、
　股関節単体ではなく全身のつながりを整えることで戻りやすくなると思います！

---

【yukiyuki511927】
タイチさん
お忙しい中、丁寧なご返信ありがとうございます！
さっそく下半身の筋膜リリースをやってみました。
足裏とふくらはぎ、脛あたりは日頃から割と触っているのでそうでもなかったですが、前腿と大腿筋膜張筋は激痛でした😅
教えていただいた他のアーカイブと合わせて続けてみます。
土曜日の午前中は在宅できず、タイチさんのライブレッスンはなかなか受けられないのですが、いつかグループレッスンを対面で受けてみたいです😌
引き続きよろしくお願いします。
ありがとうございました。",yukiyuki511927,"yukiyuki511927, タイチ",2026-03-11,https://discord.com/channels/1441619538293686387/1444479247669530664/1481285737792929866,4
,おはようございます 3月に入会させていただきました 宜しくお願いします🙇  早速ですが、私は足首がかなり硬い様です 足を閉じた状態で足裏全体をペタッとついてしゃがめません 踵を上げてしゃがまないと 後ろに転がってしまいます 学生時代に何度も捻挫 サンダルなどを履くと足首をグキっと捻りやすいです 成人してから左親指は骨折しています  動画を見てほぐしをやったりしてみるのですが、あまり変化を感じられません  効果的なストレッチやトレーニング方法などあれば教えていただきたいです どうぞ宜しくお願いします🙇,"【タイチ】
おもちさんは、このしゃがめない悩みについて3/14のライブレッスンで質問頂きましたか？
確か股関節は柔らかいっておっしゃいましたか？🤔

---

【おもち】
それは違う方ですね☺️
私は3月14日股関節特化のレッスン時の質問タイムで、スワンのポーズが前足がマットに平行に出来ず、後ろ足も浮いてしまいます💦と質問させていただいた者です

股関節はそこまで硬くはない気がしていますが、カエルのポーズは全然お尻が使えませんでした😓",おもち,"おもち, タイチ",2026-03-12,https://discord.com/channels/1441619538293686387/1444479247669530664/1481427967115526246,2
,今週開催されているビフォーアフター撮影オンラインについて質問です。 日程が難しく参加出来そうにないのですがアーカイブはありますでしょうか？,"【タイチ】
アーカイブこの後に配信させて頂きます✨
ご確認下さい！",MIKI458054,タイチ,2026-03-12,https://discord.com/channels/1441619538293686387/1444479247669530664/1481472585106587788,1
,こんにちは！ レッスン前の準備について質問です。  普段自分が通っているジムのインストラクターさんから、筋肉はストレッチで伸ばす前にほぐさないと筋肉を痛めることになると指導いただいたことがあります。 タイチさんのレッスンは伸ばすことが多い印象なのですが、レッスンを受ける前にフォームローラーなどでほぐした方が効果的だったり安全だったりするのでしょうか？ ご教示いただけますと幸いです。 よろしくお願い申し上げます。,"【タイチ】
こんにちは！ご質問ありがとうございます😊

おっしゃる通りで、筋肉は伸ばす前にある程度ほぐしておく方が安全で効果も出やすいです。
筋肉や筋膜が硬いまま強くストレッチをかけると、可動域が出にくかったり、無理な負荷がかかる場合があります！

そのため、軽く筋膜リリースなどでほぐしてからストレッチを行うと、可動域も出やすくなり安全に伸ばすことができます。

ちょうど今週、
筋膜リリースだけをまとめた「上半身編・下半身編」のアーカイブ動画を出す予定なので、よければそちらも参考にしてみてください😊",Saki782149,タイチ,2026-03-12,https://discord.com/channels/1441619538293686387/1444479247669530664/1481507001879236650,1
,こんにちは！ ３月に入会しました。アーカイブの多さに驚き、試してみたい動画がたくさんあるのでこれから視聴していくのが楽しみです☺️  動画を開けてみると、基本的には90分動画が多いように見受けられるのですが 平日は帰宅時間が遅いため90分は厳しく、30〜40分ほどの時間でおさめたいのですがその場合は90分動画を途中まで出来るところまで行うのでも大丈夫でしょうか。,"【タイチ】
こんにちは！ご入会ありがとうございます😊

90分動画は途中まででも全く問題ありません👌
30〜40分できるところまで行っていただければ効果はあります。

また、
・30分のショートクラス
・30〜40分の毎日LIVEクラスのアーカイブ

も配信しているので、そちらもぜひ活用してみてください！

▼ショートクラス
URL👇

https://youtube.com/playlist?list=PLcR4m2aFRv09k7MjgkTi72R5j9nsFWqVp&si=hcI28ye_Yd4TPehL

▼毎日LIVEクラス
URL👇
https://youtube.com/playlist?list=PLcR4m2aFRv0-QIQu_WVwN0JUahFqMblFc&si=-3C02WUSso9SJi41

ご自身の生活リズムに合わせて、無理なく続けて下さい👍
今後は30分ショートクラスも増えていくのでご活用頂ければと思います！",SHIORI 769046,タイチ,2026-03-12,https://discord.com/channels/1441619538293686387/1444479247669530664/1481534760168853637,1
,こんにちは！ 3月にサロンに入会し、昨日初めてライブレッスンを受講しました。  基礎的な内容とのことでしたが、わたしには少し難しく、特に母指球から内ももにつながる感覚がうまく掴めませんでした😭 まずはここを課題にしたいと思っています。  昨日のレッスンのアーカイブを繰り返し行うのが良いのか、 「初心者＆時短トレ」の動画から取り組むのが良いのか、 もしくはおすすめのアーカイブ動画（番号など）があれば教えていただけると嬉しいです🙇🏻‍♀️  よろしくお願いいたします！,"【まつだ822477】
わたしも同様に3月に入会したものです。同じくどこから手をつけていいのか迷っておりました。

ご教示いただけますと幸いです！みなさまよろしくお願いいたします

---

【タイチ】
遅くなりました🙇‍♂️
もしまだお悩みが解消されていないようでしたら、

まずは
・ショート動画の「月曜 足首編」
・「下半身の筋膜リリース編」

この2つをベースにやりつつ、
56のアーカイブを繰り返し取り組んでみてください！

内ももの感覚を掴むためには、
母指球でしっかり押せる状態を作ることがかなり重要です。

足首が整ってくると、
自然と内腿に繋がる感覚も出てくるので、
焦らずに積み上げていきましょう！

---

【タイチ】
返信遅くなりました🙇‍♂️

まずは1番下にあるロードマップを参考に進めてみてください！

最初は
**STEP1：ダウンドッグ・前屈を深める**
ここからスタートがおすすめです！

その後に
**STEP2：縦開脚**
という順番で進めていきましょう👍

⸻

なのでまずは、ご自身ができているモノをSTEP1から確認し
自分の課題になるアーカイブを
下記のページから検索して、実践するクラスを選んでみてください！

📚アーカイブクラス
https://www.notion.so/FBC-2b6079b8449d80a59f72f26ab6ffa417?source=copy_link

⸻

STEP1を例に目安をお伝えすると

・前屈 → 坐骨と踵が離れる＋膝裏が伸びる状態
・ダウンドッグ → 坐骨がしっかり上がる＋踵が床に近づく＋膝裏が伸びる状態

ここを一つのゴールにして進めていきましょう！",aki821717,"まつだ822477, タイチ",2026-03-12,https://discord.com/channels/1441619538293686387/1444479247669530664/1481539839462477947,3
,質問です🙋‍♀️  母指球で踏み込むこと、内ももから母指球まで繋がってる感覚を意識することの重要性を理解したので、普段の生活から母指球で踏み込むことを意識して動いていきたいと思っています。  例えば、自転車を漕ぐときにペダルを母指球で踏んで漕ぐ…みたいなことは効果的でしょうか？  歩くときも母指球で踏み込むことを意識して歩いているのですが、そうするとかかとから母指球のラインだけで歩いている感覚で、もはや小指側はずっと浮いている感覚なのですが、そんな感覚で歩くのは正しいでしょうか？  ちなみに靴底を見てみると、外側だけが減っていたので、今までいかに小指側を重心にして歩いていたかがわかりました😅 母指球で踏み込むことを意識して歩くと、歩くスピードも前ほど速く歩けなくなります😂,"【タイチ】
返信遅くなりました🙇‍♂️

3つ答えていきますね！

### ❌ 小指側が浮くのはNG

母指球だけで踏もうとすると、
足の外側の安定がなくなってしまいます！

足は母指球・小指球・かかとの3点で支える（トライポッド）
これが基本なので
小指側も“軽く接地している状態”が正解です👍

※ベタ踏みじゃなくてOK、あくまで「浮かない」が大事

⸻

### 🚶‍♀️ 歩き方について

今の状態だと
「母指球に寄せすぎてる」可能性があります!
正しくはかかと → 足裏全体 → 母指球で蹴る⭕️

母指球“だけ”で歩くのではなく、最後に母指球で押し出す感覚を意識してください！

⸻

### 🚴‍♀️ 自転車はどうか？

母指球で踏むのはOKです！◎
ただしここでも同じで
母指球“だけ”じゃなくて足裏全体で乗りつつ母指球で踏む⭕️


### 歩くスピードが落ちるについて

これは今まで外側重心で前に進んでた”状態から正しく使おうとして“コントロールが入った状態だと思うので一時的に遅くなってるのかなと思います

なので気にしなくてOKです👌",Hiroko256904,タイチ,2026-03-12,https://discord.com/channels/1441619538293686387/1444479247669530664/1481644104789000336,1
,聞く場所が違ったらすみません。スターターキットがまだ届いていないのは普通ですか？フォーム申請ができているかどうかの確認方法はありますか？,"【なな426430】
横から失礼します。ここでは個人情報の確認ができないでしょうし、「その他質問-問い合わせ窓口」にあるLINEから問い合わせされたほうがよいかと思います。

---

【Masami822552】
ありがとうございます！

---

【FBC運営サポート🌿】
お問い合わせありがとうございます😊

そしてLINEにご連絡いただき、ありがとうございます。
ご返信させていただきましたので、
お手隙の際にご確認くださいませ🌿

---

【FBC運営サポート🌿】
コメントいただきありがとうございます😊
大変助かりました。",Masami822552,"Masami822552, なな426430, FBC運営サポート🌿",2026-03-13,https://discord.com/channels/1441619538293686387/1444479247669530664/1481678021210673233,4
,こんにちは😃 外側重心なので母指球で踏むことがとても難しく、意識して踏み込むと足首の内側に負担？違和感を感じます。 これは母指球で踏む事に慣れてないからでしょうか？ 足先も外に向きがちなので足首に負担がかかるのでしょうか？ 足先真っ直ぐ、母指球で踏み込むを意識すると内転筋が使えるようになりますか？,"【タイチ】
返事遅くなりました🙏
ご相談ありがとうございます！

外側重心の状態だと、いきなり母指球で踏み込もうとすると、今まで使えていなかった足首の内側や内もも側に負担や違和感が出やすいです。
なのでその感覚自体は「使えていなかった部分を使い始めているサインの可能性が高いのですが、
足先が外に向いたまま母指球で踏もうとすると、足首にねじれが出て負担がかかりやすくなるので、無理に踏み込むよりも、まずは足先をまっすぐに整える意識を優先してみてください！

その上で、軽く母指球に体重を乗せるイメージでOKです。
最初から強く踏み込む必要はありません。

足先がまっすぐで、母指球に乗れるようになってくると、内もも（内転筋）とのつながりも徐々に感じやすくなってくると思います！

まだ解決してないようであれば実践してみて下さい🙂‍↕️",いぬみ822116,タイチ,2026-03-13,https://discord.com/channels/1441619538293686387/1444479247669530664/1481816555665756181,1
,はじめまして。 今日ビフォー撮影会に参加する予定ですが、あらかじめ準備しておくこととかありますか？ 慣れなくてもたもたしてしまいそうで心配です😅,"【タイチ】
初めまして！
本日はよろしくお願いいたします😊

ご準備いただくものは、ヨガマットとiPhoneがあれば基本的に大丈夫です👌
ただ、スマホ以外に別端末がある場合は、2台使っていただくと撮影がしやすくなります！

例
・パソコンでZoomに参加
・iPhoneは撮影用カメラとして使用",なつき822420,タイチ,2026-03-13,https://discord.com/channels/1441619538293686387/1444479247669530664/1481958805796421714,1
,こんにちは。最近入会させていただき、何もできないところからもがいております。  長座の時に骨盤が立てられないです(座骨で座れない)。立てようとすると、前もも付け根に力が入ってしまいます。膝を一定曲げても解決しきれません。何から着手すればいいか教えていただけませんでしょうか。 よろしくお願いします🙇‍♀️,"【タイチ】
大変お待たせしてます！
ご質問ありがとうございます🙏

まず、骨盤を立てようとする時に「10の力で一気に起こす」のではなく、3〜5くらいの力でじわっと起こす意識を持ってみてください！
前ももに力が入るのはフルパワーでアウターを使うことが原因のことが多いです！

次に、長座で骨盤が立たない大きな原因は
足裏〜ふくらはぎ〜もも裏（坐骨まで）の硬さなので
①ダウンドッグ
②前屈（立位）
このあたりのアーカイブを優先的に取り組んでみてください！

その上で、
内転筋・腸腰筋・腹横筋も一緒に使えるようにしていくと良いので上記の筋肉に関連付いたタイトルのアーカイブに取り掛かってみて下さい！

続けていけば必ず変わるので、安心してコツコツ積み上げてみて下さい🙂‍↕️",信夫咲希,タイチ,2026-03-14,https://discord.com/channels/1441619538293686387/1444479247669530664/1482136412571828376,1
,zoom待機中で画面出ません(>_<),"【いくよ🧸763352】
なつきさん、たぶんURLが違っています、私もさっき間違えたので😅ひとつ上の、昨日夜の投稿のURLからはいれます！

---

【Kyoko 765396】
私も今日は入れず（ずっと待機中）ズームアプリをインストールし直したら入れました。",なつき822420,"いくよ🧸763352, Kyoko 765396",2026-03-14,https://discord.com/channels/1441619538293686387/1444479247669530664/1482163951017136138,2
,本日の質疑応答zoomに質問したものをコピペします。  体が硬すぎてピジョンのポーズで等で後ろ手で足が掴めません。 アイテム使って補助の仕方をレッスン内でも都度アナウンスしていただけないでしょうか。  水曜日のレッスンで右側の鼠蹊部が痛くなってしまいました。初日は痛くなくじわじわ痛くなってきて昨日はじっとしてても痛かったです。 腸腰筋というか…恥骨筋？そんな感じがしてます。 そんな時はやらない方がいい？もっと伸ばした方がいいですか？,"【タイチ】
お返事遅くなりました！

ピジョンの補助動作は、可動域チェックの時の内容ですよね？
補助を使ったレクチャーについて、次回からしっかりアナウンスしますね！

あと、鼠蹊部の痛みはその後いかがでしょうか？🤔
今回の痛みはおそらく、
「伸ばすこと」を優先しすぎたことが原因の可能性が高いです。

大事なポイントとして
①伸ばすことを目的にすると痛めやすい
②必ず“収縮（使う意識）”をセットにする

今回のアーカイブでいうと、
・内転筋
・大臀筋
このあたりを使いながら行うのが大切です！

もしまだポーズをした時に痛くなる場合は無理に伸ばさず、
軽めに動かす or 一度休む判断でもOKです！

どのポーズで痛めたか、またできればそのポーズの状態を動画などで教えていただけたら、そこからさらに細かくお伝えできるのでおっしゃって下さい！",ゆきえ821697,タイチ,2026-03-14,https://discord.com/channels/1441619538293686387/1444479247669530664/1482181915292336159,1
,質疑応答LIVEの際の質問です⬇  3ヶ月前くらいから四十肩？で右の三角筋がポーズを取ると痛いです。 アーカイブの動画でポーズを取る時に痛くて、他の伸ばすべき箇所が伸びてるのかわからないくらいです。 ネットでは『安静に』と書かれていましたが、ストレッチやリリース等した方が良いですか？,"【タイチ】
お返事遅くなりました！

現時点でお伝えできることとしては三角筋というよりも肩関節の使い方や周りの硬さが影響している可能性が高いです！

なのでまずは
①上半身特化の筋膜リリース（肩まわり）
②肩甲骨まわりのアーカイブ

もしまだお困りのようであればここから始めてみてください！

どのポーズで痛みが出るかによって対処がかなり変わるので、
もし可能であれば実際の動き（動画）を送っていただけると、より正確にアドバイスできます！",shigu822107,タイチ,2026-03-14,https://discord.com/channels/1441619538293686387/1444479247669530664/1482212025739378801,1
,3／14質疑応答Liveの際の質問  横開脚の時に床に手を付くと背が丸まるのでブロックを使っても良いですか？ 20分30分で出来る鼠蹊部と薄筋の硬さを取るアーカイブがあれば伺いたいです,"【タイチ】
お返事遅くなりました！

横開脚の際に背中が丸まってしまう場合は、
ブロックを使ってOKです！

むしろ、背骨は軽く反らせる（丸めない）意識が大切なので、高さを作れるブロックはかなり有効です🙆‍♂️

30分ほどのアーカイブとしては

・下半身の筋膜リリース（鼠蹊部）
・30分 股関節×骨盤リセットクラス（鼠蹊部＋薄筋）

このあたりが効果的かなと思います！
まずはリリースで緩めてから、
動きの中で使えるようにしていく流れでやってみてください！",Azusa765175,タイチ,2026-03-14,https://discord.com/channels/1441619538293686387/1444479247669530664/1482213769424932894,1
,撮影会の時に気づいたのですが、正しく立つとは、両足をどのように付けたら良いんですか？  左右の足の親指をつける、左右の踵をつける、左右の足の親指と踵の両方を付けて立つ、どれが正解なんでしょうか？,"【タイチ】
深いテーマですね🤔
「どれか1つが絶対の正解」ではなく、目的によって使い分けるのが正解だと思います！
ただし、正しく立つ（ニュートラル）という意味では基準があって

①両足はこぶし1個分くらいの間隔
②つま先はやや正面〜ほんの少し外
③体重は母指球・小指球・かかとの3点に均等

これが撮影時に意識させたい立ち方です！

それぞれの立ち方の意味は

① 親指〜かかとをつける

・内もも（内転筋）を使いやすい
・骨盤が安定しやすい
・お尻（後部 大臀筋）を使いやすい

②小指＋かかとつける

・お尻(中臀筋)を使いやすい
安定しやすくなる

ただしこれをずっお日常で意識するのは難しい+逆にロボットのようにカチカチになるので

・股関節がロックされ、骨盤が動きにくくなる
・無意識にどこかに力が入る

なので正解は1つじゃなく
目的で使い分けることが大切です！",Tako🥳,タイチ,2026-03-14,https://discord.com/channels/1441619538293686387/1444479247669530664/1482217113903960115,1
,ビフォー撮影会に参加しました。 全身、絶望的な柔軟性のなさでした😂  撮影会での19種類のポーズについて質問です。 それぞれのポーズの柔らかさにつながるおすすめの動画（アーカイブ番号など）があれば教えていただくことは可能でしょうか？🙇🏻‍♀️  動画がとても豊富で、どれを選んで取り組めばよいのか悩んでしまって…💦 まずは教えていただいたものから取り組みたいと思っています！  伸びしろしかないと思って、コツコツ頑張ります！ 何卒よろしくお願いいたします✨,"【タイチ】
お返事遅くなりました🙇‍♂️  
撮影会ご参加ありがとうございました！

まず大前提として、全部を一気に改善しようとするよりも「順番」がすごく大事だと思っています😊

おすすめの流れは

① ダウンドッグ・前屈  
② 縦開脚  
③ 後屈（ブリッジ・ピジョン）  
④ 横開脚  
⑤ Y字・倒立系

です！

アーカイブも、まずはその順番でタイトル通りに進めていただければ大丈夫です🙆‍♂️

特に最初は  
「ダウンドッグ」「前屈」「股関節×骨盤リセット」系を中心に進めていくのがおすすめです✨

そしてクラス中でもお伝えしていますが、最初のダウンドッグ・前屈では  
腸腰筋、内転筋、腹筋のインナーがかなり重要になります！

要は、
・伸びる部位の“拮抗筋”を鍛えること  
・伸びる部位自体も鍛えること

この両方が必要です🔥
なので、ふくらはぎ・もも裏のトレーニングも合わせて行っていくとかなり変わりやすいと思います😊

今ちょうど、この順番で進められるロードマップも準備中なので、完成したらぜひ参考にして下さい🙂‍↕️",aki821717,タイチ,2026-03-14,https://discord.com/channels/1441619538293686387/1444479247669530664/1482225664869535766,1
,3/14の股関節特化 開脚クラスの質問です  開脚して前に倒れようとすると、左側のお尻と腿の境目(横側)が痛すぎてそれ以上倒れることができません😢 右脚の痛みはないので左右差があるのだと思いますが、この場合はどこにアプローチするのがいいでしょうか？,"【タイチ】
お返事遅くなりました🙇‍♂️

左右差がある場合、原因としては

・左足の内腿が使えていない  
・左足首が90度になっていない  
・左股関節の内旋が足りていない  
・もも裏の筋力不足

この辺りが考えられるかなと思います😊

特に足首90度はすぐ取り組める内容なので、まずそこから意識してみてください！

それでも改善しない場合は、開脚中に  
「脚を閉じようとする力」を軽く入れてみて下さい！

イメージとしては、
1〜10で表した時の “5” くらいの力感です！

内腿が使えるようになると、痛みが減るケースはかなり多いので一度実践下さい！

---

【あみ_782401】
タイチさん、返信ありがとうございます‼️

足首90度は自分でできてるつもりでしたが前に倒れているとじわじわ足首が緩んでいることがわかったのでまずは90度を意識してみたいと思います。
内腿も弱い自覚があるのでそこも使えるよう意識してみます😊",あみ_782401,"あみ_782401, タイチ",2026-03-14,https://discord.com/channels/1441619538293686387/1444479247669530664/1482351077117661185,2
,いつもありがとうございます😊 脂肪燃焼ブートキャンプ🔥に登録したのですが、何もお知らせなど来ない感じですか？始まるまで待っていれば大丈夫でしょうか？,"【タイチ】
はるさん申し込みありがとうございます！
招待されたグループに今日から発信していくので案内をお待ち下さい！✨

---

【はる782206】
タイチさん、お返事ありがとうございます😊待ってます♪",はる782206,"はる782206, タイチ",2026-03-15,https://discord.com/channels/1441619538293686387/1444479247669530664/1482551860224331816,2
,3月から入り、みなさんの投稿などで刺激をもらい、 素晴らしい環境に感謝しています。ありがとうございます。  今日はのんびりやろうとしていたのに、全然できず、笑っていますが、 ここで質問です。  【質問】 No.44 骨盤の安定〜肩の開きを深める〜 https://www.youtube.com/watch?v=euGjAgXFxvg をやっていて、 56:55くらいからのところでですが、 背中に効くはずが、 ①腕を耳まで上げることが全然できず、 ②背中に効かず、腰ばかりに力が入ります。  現状 かかと同士を押し合い、お尻に力は入れられるけれど、 腕を耳の位置まで上げることが全然できず、 上げようとすると腰に力が入る感じ。   ①②を克服するにあたって、 どのようなトレーニングをしていったらいいですか？,"【タイチ】
お返事遅くなりました！
ご質問ありがとうございます😊

まず大前提として、腕は耳の高さまで上がらなくても背中には効くので、現段階では無理に上げなくて大丈夫です！

そして、いきなり “10” の力で腕を上げようとすると、かなり腰に入りやすくなります！

なので今のお尻の意識はそのまま使いつつ、
まずは「お腹を薄く保つ」ことを優先してみて下さい✨

イメージとしては

・恥骨を床に軽く押し付ける
・床と下腹の間に5mmほど空間を作る
・腰ではなく下腹とお尻で支える

この状態を保ったまま、
まずは “3” くらいの力感で腕を上げようとしてみてください😊

すると、腰ではなく「背中から腕が浮く感覚」が少し分かってくると思います！

そこから徐々に
3→5→6→7…
と出力を上げていきながらも、

「背中から上がる感覚」を優先して集中してみてください🔥

続けていくと、腰を使わなくても自然と腕が耳横まで上がりやすくなってきます！",れいこ,タイチ,2026-03-15,https://discord.com/channels/1441619538293686387/1444479247669530664/1482572820121649232,1
,30分の夜ヨガを 動画を見ながらやったことがあるのですが、探しても探してもその動画にたどり着けなくなってしまいました(>_<)  URLをご共有いただけたら大変助かります,"【Kaori 763784】
https://youtu.be/9LjXoJXxCYo?si=A1Oa_bejYUnfNpEB

こちらでしょうか？

---

【Tomoyo821741】
ありがとうございます！はいこちらです✨
大変助かりました！",Tomoyo821741,"Kaori 763784, Tomoyo821741",2026-03-17,https://discord.com/channels/1441619538293686387/1444479247669530664/1483465168225828945,2
,2025年12月に入会した者です。 X脚やＯ脚に悩むサロン生に特化したメニューを年末に準備しておられ、大変心待ちにしていました。 延期された後、改めての連絡を見つけることができず、ずっと気になっていました。 その後、進捗はどのようになっておられますか？ 質問の場が違っていたら申し訳ありません。,"【タイチ】
かずさん

ご連絡いただきありがとうございます！
また、年末から気にかけてくださっていたこと、本当に嬉しく思います。

X脚・O脚に特化したメニューについてですが、
当初出す予定だった内容から、
「もっとこうした方がいい」という自分の中での考えが出てきて、現在もブラッシュアップを続けている状態です。

その分、ご案内が遅くなってしまい申し訳ありません。

ただ、しっかりと変化につながる内容としてお届けしたいので、
もう少しだけお時間をいただけると嬉しいです🙇‍♂️

改めてご案内させていただきますので、楽しみにお待ちいただけたら嬉しいです。",かず764793,タイチ,2026-03-24,https://discord.com/channels/1441619538293686387/1444479247669530664/1485901052673785907,1
,レッスンについての質問でなくて申し訳ないのですが…💦  リアクションのボタンが押せないコメントがあるのですが、どのように改善できますでしょうか？🙇‍♀️  コメントの長押しでリアクションが表示されるコメントと、されないものがあります。 添付されている画像を押すとマークは出るものの，リアクションはできない…などです💦  ブートキャンプの皆さんのコメント見てもリアクションができずにいます😢  何か原因、解決法など教えていただけましたら幸いです。 よろしくお願いいたします🙇‍♀️,"【タイチ】
ご質問ありがとうございます😊

こちらの現象ですが、
Discordの仕様やスマホアプリ側の不具合によって起きることがあるものになります🙇‍♂️💦

特にスレッド内や画像付きの投稿では、
・長押ししてもリアクションが出ない
・表示は出るけど押せない
といったことが起きる場合がたまにあります💦

対処方法としては以下をお試しください！

・アプリの再起動
・Discordを最新版にアップデート
・一度ログアウト→ログイン
・可能であればPCから試す


それでも改善しない場合は、
携帯や回線の不具合の可能性が高いです🙇‍♂️

---

【おつな70757】
リアクションの件、改善された…かもです！
今日リアクションできました✨

ありがとうございました🙇‍♀️✨

---

【みーこ】
この症状私も何やっても続いてました…💦
が、
レベル上がったらリアクションできるようになりましたー！✨😆
ある程度リアクションの限度とかあるのでしょうかねぇ。。？？😢

---

【おつな70757】
昨日は全くできなかったんですが，私も同じくレベル上がったからなのか？できるようになりました👏✨
何が原因なのでしょうね…🤔",おつな70757,"みーこ, おつな70757, タイチ",2026-04-02,https://discord.com/channels/1441619538293686387/1444479247669530664/1489030153802612756,4
,タイチさん お世話になっております。 今日開催される「股関節を柔らかくする絶対要素を知るクラス」にぜひ参加したいのですが、お仕事で参加ができずアーカイブの配信などはしていただけますでしょうか？ なかなかオンラインで受講ができず、アーカイブ頼りになってしまっていて申し訳ないです🙇 よろしくお願いいたします。,"【タイチ】
もちろん本日のクラスはアーカイブを残しますのでご安心ください✨

お仕事などでリアルタイム参加が難しい方がほとんどだと思います。
それでもしっかり学んでいただけるようにしていきますのでご安心ください

ご自身のペースでご活用くださいね😌

---

【Naoko 820702】
タイチさん
お忙しい中、お返事いただきありがとうございます🙇
今まで行ったパーソナルヨガも忙しくて時間がとれないことが本気で変わる姿勢がないと言われ、かなり答える時もありましたが、お言葉にとても救われます😭
リアルタイムで参加できない方もアーカイブで取り組んでいらっしゃるのを知り、とても励みになります！
引き続き、よろしくお願いいたします🙇",Naoko 820702,"Naoko 820702, タイチ",2026-04-02,https://discord.com/channels/1441619538293686387/1444479247669530664/1489059884363157504,2
,横開脚練習時にやはり右足の内腿がピキピキ痛んでおり、原因が膝下からの捻れからきているのではないかと思います。 捻れでこのような事が起きる可能性はありますか？ また、この膝下からの捻れの改善ストレッチなどあれば教えていただきたいです！ 普段から気付けば右のつま先が外側に向いています、意識がある時はつま先真っ直ぐに戻すなどをしていて、開脚練習時も気をつけはするのですが、自分の中で他にも気をつけるところが沢山あり捻れから意識が離れてしまうことがあります😂,"【タイチ】
膝下の捻りも多少関係あるかなとは思いますが、開脚する時に骨盤前傾は入っていますか？🤔
少し丸くなっていませんか？
もしかしたら今日やるクラスで意識する「坐骨を後ろへ押し上げる」ことで改善されるかもしれません😌

一度どのように開脚しているか確認してみて下さい！

---

【ひ782024】
回答ありがとうございました！
今たいち先生のレッスンやっててわかりました！
かかとを床に押し付けが足らず、足首も手で押すと倒れるくらいに力が入っていませんでした🤣
そしてイラスト付きほんとにわかりやすいです！
坐骨！坐骨ー！
本日も勉強になりました😆！
質疑応答聞きながらの投稿🤣",ひ782024,"ひ782024, タイチ",2026-04-02,https://discord.com/channels/1441619538293686387/1444479247669530664/1489197262184644680,2
,あと、法則として気づいたのは、 誰かがリアクションしていたら、そこにはリアクションできるんですけど、 誰もリアクションしてないやつは長押ししてもリアクションできない。。💦 添付画像あっても無くても…😢,"【おつな70757】
わかります！
ただ、他のチャンネルのコメントのリアクションはできたんですよね…
仕様のせいなのか、何なのでしょうね💦",みーこ,おつな70757,2026-04-03,https://discord.com/channels/1441619538293686387/1444479247669530664/1489467501397151856,1
,ストレッチボールでお尻をほぐす時に痛いと力が入ってしまいます。力が入った状態だと上手くほぐれませんか？,"【タイチ】
MAMIさん

結論から言うと
力が入った状態だとほぐれにくいです！

理由はシンプルで、
筋肉は力が入っていると緩めることができないからです💪

痛すぎると
無意識に力が入ってしまい逆効果になります！

🔽意識すること

・呼吸を止めない（ゆっくり吐く）
・力が入るなら少し圧を弱める
・乗る位置を微調整する

“力が抜ける位置”を探しながらやってみて下さい！",MAMI,タイチ,2026-04-04,https://discord.com/channels/1441619538293686387/1444479247669530664/1489759194306576574,1
,4/2の股関節を柔らかくするレッスンに参加しました。骨盤前傾の感覚は分かるし、ボールも少し押し上げることもでたのですが、後傾に比べ前傾の可動域がなく、あまり動きません。こういう場合ボールに乗って前傾後傾を地道に繰り返していれば可動域も広がるのでしょうか？  最後になりましたが、新米パパさんおめでとうございます㊗️子育てを楽しんでください🎶,"【タイチ】
TGMさん
レッスンのご参加ありがとうございました！
そして温かいお言葉もありがとうございます😊


ご質問の件ですが、
前傾の可動域が少ないのはよくある状態で問題ありません👌

骨盤前傾を広げるには「坐骨を上に引き上げ続ける力」をつけることが大切です！

なのでおすすめとしては

① 前屈で坐骨を引き上げる練習
→ 開脚だけではこの力はつきにくいので
まずは前屈でしっかり練習するのがおすすめです！

② お尻を使う感覚を身につける為に、**アーカイブ「57」**でお尻を使って開脚する方法を解説しています👌

ボールでの前傾後傾もすごく良いので続けつつ、
お尻を使って「坐骨を上げる力」を意識して取り組んでみてください🔥

ここがわかると前傾が変わってくると思います！

---

【TGM 415378】
タイチさん
お忙しい中アドバイスありがとうございます！
アーカイブ57やってみます。

ゆうひさんのご質問も私の悩みの一つでした。Y字バランスの軸足の腰とお尻辺りが引っ張られる感覚！29もやってみます。
やることいっぱい😅
4/25のレッスンも楽しみにしています。",TGM 415378,"TGM 415378, タイチ",2026-04-04,https://discord.com/channels/1441619538293686387/1444479247669530664/1489784941230428322,2
,ポイント制導入嬉しいです🥰 質問なんですが、ライブレッスン参加している時は自動でポイント付くんでしょうか？😅 2日木曜日のタイチさんのライブレッスン前の「ポイント制度のミニ解説」で説明されてたかもしれないですが、 その時は遅れて参加したので、その質問や説明が出てたか分からなくて…  遅れて参加した時には皆さんがDiscordの名前とMOSHIDをメッセージ打ってたので、 同じようにしてみたのですが、毎回それも必要なのか教えていただけたら…😢,"【なな426430】
もしかしたら解決済みかもしれませんが、横からお返事失礼します。

ライブレッスン参加のポイントは、運営さんが手動でつけてくださっています。そのため、ライブレッスンのたびに、チャットに各自でDiscord表示名(省略せずにそのまま)を入力する必要があります。途中退室の場合もポイントはつきますが、最短でも20分の参加が必要です。

---

【みーこ】
ご丁寧に教えてくださってありがとうございます！☺️
ちなみに…なんですが、
アーカイブはポイント付く。とかって
どこか質疑応答で出てきましたでしょうか？
もうどこを探しいいのか分からないくらい項目が沢山あるので分からなくって…😢

---

【なな426430】
アーカイブ視聴自体はポイントにはなりません。運営さん側でポイントをつける手段がそもそも難しいようです。

なので、「アーカイブ視聴をした後に感想レポートを書いて、そこでポイントを貯める」のがお勧め、とのことでした。場合によっては、ビフォーアフターや気づきでもよいと思います。

ご参考までに😌

---

【みーこ】
ななさん！✨
またしてもお答えくださり、ありがとうございます😊
オススメまで教えていただいて…🥰
お互いポイ活頑張りましょうね〜😆",みーこ,"なな426430, みーこ",2026-04-04,https://discord.com/channels/1441619538293686387/1444479247669530664/1489879154550640662,4
,前屈をする際に足首や脛が痛くなります。 改善方法などあれば教えていただけると嬉しいです。,"【タイチ】
はるかさん

前屈時の足首や脛の痛みは、
前側が頑張りすぎている状態なのでまずはリリースからやってみてください！👍


おすすめとしては、
【下半身特化の筋膜リリース】
→ 脛のリリースがあるのでしっかりほぐす！

アーカイブ「60」
股関節を柔らかくする絶対要素を知るクラス

このクラスでは裏側の伸ばし方がわかります！👌

ぜひ試してみてください！

---

【はるか821818】
タイチさん
ご回答ありがとうございます！
早速今夜リリースやってみます👍",はるか821818,"はるか821818, タイチ",2026-04-04,https://discord.com/channels/1441619538293686387/1444479247669530664/1489990102599077989,2
,タイチさん、ブリッジのレッスンありがとうございました。あんなにしっかり準備も教えてもらったのに、やっぱり全然腕が伸ばせませんでした。  ブロック使って練習していますが、写真のところからひざ裏伸ばそうとしても頭の血管切れそうになるだけでした😅  どこを意識したらいいでしょうか？,"【タイチ】
しのさん
ブリッジナイスチャレンジです👏✨

今の状態だと膝裏（ハムストリングス）がまだ伸びきっていないので
→ 体幹がしっかり使えない
→ 代わりに首（僧帽筋）で無理やり上げようとしている状態です😓
それで頭に血が溜まる感覚が出てしまっています💦

まずやるべきことはシンプルで
膝裏をしっかり伸ばせる状態を作ることです！

ここができるようになると
首に頼らずブリッジが上がるようになります👌

おすすめのアーカイブ「51」 → 膝裏・ハムの改善に◎

あとは今日のダウンドッグクラスで
僧帽筋のリリース＋正しい使い方もやるので
ここで土台を作るのがベストです！

その上で改めて「61」のブリッジクラスを再挑戦してみてください👍",しの822525,タイチ,2026-04-05,https://discord.com/channels/1441619538293686387/1444479247669530664/1490207300428759132,1
,レッスンリクエストってこちらでしたっけ？違ったら投稿し直します💦 タイチさんの【ねじり】と【Y字バランス】のレッスンを受けてみたいです！ ポールの技でネックになりがちな柔軟要素でして、Y字バランスはちょっと上級者むけですが、そこに向けたストレッチは他の部位の柔軟性にも生きると思うので、Y字の手前のステップだけでも、是非お願いしたいです🙂‍↕️❤️  私の状態としては、横開脚で側屈した時足に耳が付くくらいは行けるのですが、Y字バランスになると、上げる足と反対側の腰のあたりの筋が引っ張られてのびきらず、軸足がフラフラしてまっすぐできずにきれいなY字ができない状態です🥲 体側の柔軟でも脇下より腰付近が特に引っかかることが多く、ほぐしたりはしているのですが、そのあたりへのアプローチ方法を教えて貰えるとありがたいです🙂‍↕️  ねじりは、うまく言語化できてないのですが、ある程度柔軟はできるものの【使う】要素がイマイチわかってなくて、深めるきっかけがほしいなぁと思ってのリクエストです。  よろしくお願いします🙇🍀,"【タイチ】
ゆうひさん
リクエストありがとうございます！🙏✨

Y字バランスに関しては、
ちょうど4/25に基礎作りのレッスンを予定しています！

今おっしゃっている
反対側の腰が引っ張られる感覚によって軸足が安定しない腰横の筋肉・筋膜が硬い状態なので
筋膜リリースは腹横筋側転&大腿筋膜張筋をほぐすと良いです！上半身＆下半身リリース編で出てきます！

あとは筋肉へのアプローチは側屈がかなりオススメです！
側屈を単体でおこなうのも良いですし、49のアーカイブクラスを受けて頂いても良いと思います👍


ねじりに関してもリクエストありがとうございます！

まずは今あるアーカイブだと
**「29：背骨を動かすクラス」**がねじりを中心に構成されているので一旦そちらがおすすめです！

今後のクラス展開にも参考にさせて頂きます☺️

---

【ゆうひ765552】
タイチさんありがとうございます🥹✨
なんと！すでに予定頂いてたとは！
4/25楽しみにしております🥰
ああ〜腰横硬いと思います😅特に腰の下の方⋯スワンでも腰横つっかえる感じがあるので💦ほぐします！筋膜リリースとLesson49とか29やります！！
ねじりレッスンもいつか楽しみにしております❤️",ゆうひ765552,"ゆうひ765552, タイチ",2026-04-05,https://discord.com/channels/1441619538293686387/1444479247669530664/1490224072435437618,2
,先日スワンのポーズのレッスンで撃沈しました。 スワンのポーズをとったときに前の足がマットの横の辺と全然平行にならないし、後ろ足もマットとの距離が遠すぎて、体が起こせません。 スワンに行く以前に、アーカイブ動画でこれやるといいっていうレッスンはありますか？,"【タイチ】
まつさん
スワン最初はかなり難しいですよね😌

おっしゃっている状態は、
股関節や骨盤のコントロールがまだ整っていない段階なので全然心配しなくて良いです！


まずは基礎作りとして
アーカイブの「59・60」のクラスがおすすめです！

ここで土台を作っていくと、
スワンの形もかなり取りやすくなります👌

そして少し慣れてきたら、
スワンは“スワンで練習する”のもすごく大事です！

なので「58」のクラスもぜひ繰り返しやってみてください！

焦らなくて大丈夫なので
基礎→実践を繰り返して少しずつ近づけていきましょう☺️",まつ820778,タイチ,2026-04-05,https://discord.com/channels/1441619538293686387/1444479247669530664/1490271249169907723,1
,いつも丁寧なお返事をありがとうございます🥹  わたしは酷い肩凝りで、酷いときは首から後頭部までも痛くなって気持ち悪くなるほど。 それを解消したくヨガをやっているのもあるのですが、酷い時よりはよくなっては来てますが、まだ僧帽筋がガチガチです😭 なので、腕を上げる時など肩が引っ張られるように上がってしまいます😢 これでも、ヨガをやる前よりはだいぶ上がるようになりました😊 でも、このガチガチを取り除きたくて🙏 どうすれば解れていくでしょうか？😣,"【タイチ】
はるさん
いつもありがとうございます😊

肩こり辛いんですね。
ヨガで改善してきているのはすごく良い変化です👏

そちらは僧帽筋が頑張りすぎている状態なので
一度しっかりリリースして緩めることが大切です！

特に
✔ 肩まわり
✔ 首の付け根
ここを緩めるとかなり変わります👌


ちょうど今日のクラスで
肩首のリリース＋正しい使い方やるので
お時間合えばご参加下さい！",はる782206,タイチ,2026-04-05,https://discord.com/channels/1441619538293686387/1444479247669530664/1490328781997604968,1
,今日のダウンドッグの基礎作りのLIVEレッスンなんですが、21:00過ぎには子供達の寝かしつけで参加できないかもしれません😭(早く寝てくれーーー💦) アーカイブレッスンでUPしていただけると嬉しいです！！ 太もも裏、膝裏、お尻が硬いのでこの部分に効くストレッチということで是非毎日のストレッチのメニューに取り入れたいと思っております。ご検討頂けると嬉しいです！🙇‍♀️,"【タイチ】
アーカイブもちろん残しますのでご安心下さい！
僕のクラスは全てアーカイブ残りますので👍",RIE822458,タイチ,2026-04-06,https://discord.com/channels/1441619538293686387/1444479247669530664/1490669764417294467,1
,今日のLIVEレッスン 定員に達して入れませんというメッセージが出てしまいます😭,"【ナジャ1995 820889】
私もです

---

【naomi821862】
私もです💦",mari481515,"naomi821862, ナジャ1995 820889",2026-04-06,https://discord.com/channels/1441619538293686387/1444479247669530664/1490683471507619920,2
,@everyone   定員制限で一時的にお待たせしてしまった皆様申し訳ございませんでした🙏  **↑の発言ポイントつけときます🙇‍♂️**  そして今日もありがとうございました☺️ 何か明日に繋がる変化が今日もあれば嬉しいです！,"【たーくん 782461】
迅速な対応ありがとうございました🙇
ポイントの付与もありがとうございます！",タイチ,たーくん 782461,2026-04-06,https://discord.com/channels/1441619538293686387/1444479247669530664/1490711931328139325,1
,いつもお世話になっております。 レッスンの事では無いのですが、お陰様でLev.5となり特典が頂けるのですが、項目の中のヨガクッションは、膝クッションの事でしょうか？ 他は全て揃っていますので教えて頂けるとありがたいです🙏🙇,"【arumi821780】
横から失礼します。膝クッションでした😊私も他はありましたのでこちらを頂きました♪ちょうど欲しいなと思ってた所だったので嬉しかったです☺️💕

---

【mari481515】
arumiさん、KAOさん、
横入りすみません。
私もKAOさん同様ヨガクッションてなんだろう？と思ってました。
お写真のタイプの膝マット、以前ネットで見た時「硬い」という口コミがあったのですが、実際どんな感じですか？
柔らかめなら欲しいなぁと思ってます。
参考までに教えて下さい、よろしくお願いします。

---

【KAO】
arumiさん　ありがとうございます🥰🙏　助かりました✨

---

【arumi821780】
いえいえ💕

---

【arumi821780】
まだ使用してレッスンなどはしてないのですが、ヨガブロックより少しだけ柔らかい感じですかねー🧐膝を乗せると少しだけふわっと沈んで膝のお皿が収まる感じです😊私の感覚では硬いという感じはないです。他の製品を使った事がないのであくまで私の主観です。ご参考までに…🥰

---

【mari481515】
arumiさん、ありがとうございます。
答えにくい質問すみませんでした💦
でもイメージ掴めました🙋
助かりました〜🥰

---

【arumi821780】
いいえ、明確じゃなくてごめんなさい😅イメージ掴めてくれて良かったです☺️

---

【Naomi390526】
私もこれだけ持ってないのでリクエストしました🫶🏻楽しみだなぁ🥰

---

【arumi821780】
Naomiさんコメントありがとうございます😊私もまだ使ってないので使うのが楽しみです🫶🥰",KAO,"Naomi390526, KAO, arumi821780, mari481515",2026-04-08,https://discord.com/channels/1441619538293686387/1444479247669530664/1491299332853469254,9
,ここで聞いてもいいものなのかわかりませんが、これは合ってるのでしょうか🤔 タイチさんのインスタストーリーをチラ見して①坐骨②背中を意識してダウンドッグしてみました。仕事中に笑,"【タイチ】
Naomiさんおはようございます☀️
まさかの仕事場で👍 熱量伝わってきます！
動画を見ると、坐骨がまだまだ引ききれておらず肩に重心が乗ってると思います！
なので膝をもっと曲げて、坐骨をひく事を強めてみてください！
肩の負担がなくなる所まで坐骨を引くのが目安です🤸‍♀️

---

【Naomi390526】
やっぱりちゃんとアーカイブします笑 タイチさんありがとうございました🫶🏻",Naomi390526,"Naomi390526, タイチ",2026-04-09,https://discord.com/channels/1441619538293686387/1444479247669530664/1491490083680026828,2
,皆さんはどのようにレッスンやアーカイブ動画を利用されていますか？  初歩的な質問で申し訳ありません🙇‍♂️ 仕事の時間が不規則で忙しく、限られた時間しかできないため毎日のLIVE Lessonに参加することができていません。また、運動もほぼしてこなかったので、まずは一番気になっている腹筋・背筋・骨盤メインでアーカイブ動画を見ようかと思っているのですが、あまりにも数が多すぎて最近入った身からするとどれからやれば…状態です😅 また、同じ動画を繰り返し見てその動きに慣れてから次の動画に行った方が良いのか、それともどんどん他の動画も見るべきなのか、決めかねています。 個人的には一回視聴しただけではなかなかできるようになった気にならないので、数回見たいなとは思っているのですが、そんな事をしていたらいつまで経っても見終わらない気がしてしまって😇  自分はこうしてるよ、や、こういう使い方便利だよ、などアドバイスございましたら、ぜひ教えていただきたく存じます。 よろしくお願いいたします‼️,"【なな426430】
どれを受講したら？は、私もずいぶん悩んだし、他の方がどうしているのか聞いてみたいです。

私は、まず20分の時短トレーニング編から始めました。

その後は
・筋膜リリース上半身編・下半身編
・タイチさんのライブレッスン(参加できない時はアーカイブ)
・自分の目標や課題に合わせたアーカイブ
をやっています。

筋膜リリースは、定期的に繰り返し受講しています。
・20分・30分でできて取り組みやすい
・可動域改善の基礎になると思うので、動画無しでも自分で必要な筋膜リリースをできるようになるため
・90分動画でも筋膜リリースはよく出るので、覚えておくと楽
というのが理由です。

タイチさんのライブレッスンは、ライブまたはアーカイブで最新のものは極力受講するようにしています。
・一見自分の目標と関係なさそうでも、大抵つながる部分がある
・Q&Aコーナーで、参加者の質問を踏まえて、タイチさんが関連する過去のお勧めアーカイブを教えてくれたりする
・受講後の参加者の感想レポートを読むことで理解が深まる
というのが理由です。

自分の目標や課題に合わせたアーカイブは、必ずしもすべて確信を持ってやっているわけではありません。それでも、以下のようにして、自分に何が必要なのか模索しています。
・タイチさんに自分の課題を伝えてお勧めのトレーニングやアーカイブを教えてもらう
・自分のダンスの先生から課題を指摘された週は、その部位に関連したアーカイブをやる
・コミュニティの中で、自分と似た課題の方を見つけて、選ぶアーカイブや日々の取り組みを参考にさせてもらう

少しでも参考になれば幸いです😌",蒼743048,なな426430,2026-04-10,https://discord.com/channels/1441619538293686387/1444479247669530664/1491816890937638992,1
,先日入会したてホヤホヤです🔰  皆さんのやりとりが活発で 驚いています😳  私は土日が仕事のことが多く 夜は、最近 21時に寝てしまうんです😂  ライブに参加したいけど なかなか参加できなくて😭  そんな方もたくさんいらっしゃるのでしょうか😭,"【ルーシー370566】
@香織　45058 香織さん

私も子育てしながらなので、就寝早めです🥲
時間の合間をみてアーカイブをやっております。
自分のペースが1番大切だと思うので、無理せずお互い頑張りましょう🥰

---

【aki821717】
香織さん、おはようごさいます！
わたしも先月入会したばかりです😊
まだまだできないことの方が多くて、皆さんすごいなぁって思ってます。
疲れて何もできない日もありますが、10分でもできたら“今日はよし🙆‍♀️”って自分を褒めてます✨
一緒にマイペースに頑張りましょう☺️",香織　45058,"aki821717, ルーシー370566",2026-04-11,https://discord.com/channels/1441619538293686387/1444479247669530664/1492293194195402943,2
,みなさん、ありがとうございます😭😭  参加したい気持ち めちゃくちゃあるのに ほんと、夜眠くなっちゃって💦  私もオンラインサロン やったりしてて みんなと、時間を合わせることの難しさは わかってるんですけど  参加したーい！笑 と思って参加できないのって こんな気持ちになるんだーって初めて知りました笑  早朝にやるんですね！？😳 それはめちゃくちゃ嬉しい💕 朝は5時に起きてます💕  みなさん、 ありがとうございました💕  無理せず参加しまーす！,"【mutsumi765027】
香織さん、初めまして。皆さん色々生活スタイルが有るので気になさらずマイペースで一緒に頑張りましょう！私は朝から深夜迄仕事なので毎日ショートレッスン参加も難しいので、せめて土曜のオンラインレッスンだけはと思って老体に鞭打って頑張っております。体が資本なので最近はボールで筋膜ほぐしだけでも楽になってきています。少しずつでも出来る事からやっていきましょう！",香織　45058,mutsumi765027,2026-04-11,https://discord.com/channels/1441619538293686387/1444479247669530664/1492368951831695370,1
,ずっと分からないで悩んでいる事があり教えて欲しいです  私はストレートネックと巻き肩で慢性的な首肩凝りがあります。  翌日に疲れを残さない様、夜寝る前にストレッチをする事が多いのです。 タイチさんの胸椎や、巻き肩のレッスンをやるととても楽になり、痛みから解放されたー！と感じる事がでしました  でも朝起きると元に戻ってしまいます  寝ている間にすごく身体に力が入っているみたいで 起きた時首肩がガチガチ凝り固まってしまい辛い状態で目が覚めます。  枕を変えたりいろいろ試してみましたが、何年もこの悩みから解放されず。  この不調を改善するために どんな事をしたら良いかアドバイス欲しいです 宜しくお願いします,"【Hitomi179012】
かおるさん、初めまして！
全然専門家でも何でもないのですが、私も同じ経験があるので、少しだけ共有させて頂きます😊

私は普段から、体が緊張気味のタイプだと思っていて、それは思考の問題でずっと交感神経優位になっていたり、体のミネラル不足だったり、ストレスだったり色んな所からきています。
その辺りの体の仕組みとかを詳しく教えてくれるbody workerさんを私はフォローしてるのですが、もし良かったら見てみてください。タイチさんと同じように、しっかりとした知識を持って正しい事を教えてくれる方です！

https://www.instagram.com/mori_taku6?igsh=MXR2Y3R0NmpwZ3N0Nw==

私がやっている（やった）事としては、ベッドマットレスや枕を変えたり、マグネシウムを飲み始めたりしました。私の1番の原因としては、寝てる間の食い縛りがあって、それが首凝り肩凝り頭皮の凝りに繋がっていました。食い縛りはストレスからくる事が多いとされているので、ストレスを改善させないと根本解決にはならないのですが、、
恐らく同じ症状でも、原因は千差万別なので中々これだ！っと特定する事は出来ないと思いますが、何かしらのヒントにらなれば幸いです😌

---

【かおる】
ヒトミさん返信ありがとうございます

私も睡眠中の食い縛りがあり、そこから首肩凝りがきていと思っています
食い縛りはストレスが原因とよく言われていますが
現代社会でストレス無い人なんているのかな？とも思っていて、もっと何か原因があるようにも感じていました

ヒトミさんのメールで鉄分とマグネシウム不足とあって、確かにこの前鉄分入りのお水を飲んだらすごく美味しいと感じたんですね、
もしかしたら私は鉄分とマグネシウム足りてないのかもしれません

すごく貴重なアドバイスありがとうございます

送って頂いたリンクも早速見てみます

改善作があると思うとすごく嬉しいです

ありがとうございまた

---

【Hitomi179012】
かおるさんも、食い縛りあるんですね😭

ストレスがあると食い縛りだけじゃなく、ストレスホルモンも出て交感神経優位になってしまう事も緊張状態に関係しているのかなと思います。

因みに私はマグネシウムの液体を摂取しています！一応写真添付しておきますね！
お水やコーヒーなどの飲み物や食事の時の汁物に数滴垂らすだけで摂取出来るのでお手軽です☺️

朝起きた時に少しでも変化があると良いですね✨

---

【かおる】
ヒトミさん画像ありがとうございます

メッセージ頂いてから鉄やマグネシウムの体に不足している成分をどう摂取しようか迷っていたので
同じ悩みを持っていた方のアドバイスはすごく心強いです

寝起きの首肩凝り食い縛りに悩まされ、解決策をもう10年以上探していたので
このコミュニティで
ヒトミさんのアドバイスと出会えて良かったです

感謝です！

---

【yui 731927】
かおるさん、はじめまして。
睡眠中の食い縛りに悩まれている、ということで1つだけお伝えしたいと思ったのでコメントさせていただきます☺️
睡眠時に装着するマウスピースを試してみても良いかもしれません。
夜間の歯ぎしり、食い縛りは無意識に行なっていて自身でコントロールが出来ないものです。
そして、その時の力は普段の食事のときの数十倍にもなると言われています。
マウスピースで食い縛りを止めさせることは出来ませんが、かかる力のバランスを整えたり負担を軽くすることは出来ますのでよろしければご検討ください☺️
もしすでにお試しだったら申し訳ありません！

歯科医院に勤務していまして、似たような悩みをお持ちの方がマウスピースで改善していく姿も見ています！
ご参考になれば幸いです☺️

---

【かおる】
yuiさんありがとうございます
私は食い縛りで歯を割ってしまった事があり、歯医者さんに勧められてマウスピースを数年使用していて、今もたまに使用しているんですけど、
マウスピースを使用した時の方が食い縛りが酷く、
できれば使いたくないなと思っていて、

でも使わないと食い縛って歯を割ってしまうかも、使うとより首肩がガチガチになってしまう、
どうしたら良いんだろうと
改善策を探している最中です

マウスピースをしただけで
神経が過敏になってしまうのかもしれないです

歯から、首から、身体の内側からと、改善いっぱありますね

アドバイスありがとうございます、励みになります！

---

【yui 731927】
そうだったんですね😔
確かに、マウスピースは異物といえば異物なのでどうしても受け入れられない方もいらっしゃいます。
マウスピースをした方が眠れない、という方もいらっしゃいます…
良ければ、咬筋のマッサージなどやってみてください☺️
あとは医院によりますがボトックスを打つというのも1つです。
保険適用外になりますし、永久的な効果はないのですが…

体って本当に全身つながっているんだなって実感しますよね。
少しでも改善することを願っております☺️

---

【かおる】
ヒトミさん、メッセージを頂いてから
以前飲んだ時、身体が美味しいと反応したお水を飲み始めたんです。
そしたら寝起きの強張りが全く無くなったんです
毎朝、感動して起きます
アドバイス本当にありがとうございました

マグネシウムやナトリウムが入っていて、私の身体には不足していたんだなと実感しました

しばらく飲み続けてみようと思います

画像送ります

---

【Hitomi179012】
かおるさん、
ほんとですか‼️
それは本当に良かったです😭

私もお伝えはしましたが、まさかそんなに変化が出るなんて驚きです！

ミネラル成分って本当に大事なんですね、私もかおるさんの実体験を通じて、また学ばせてもらいました🙏🏻

お水の写真もありがとうございます！多分ちょうど良い濃度で入っていると思うので始めやすいですね！
私も試してみたいです。

何より、毎朝起きて首肩凝りって他人からは全く分からないのに本人は本当に辛いし、何をやるにもその凝りが気になって辛かったと思うので、それが改善された事が本当に私も嬉しいです！",かおる,"Hitomi179012, かおる, yui 731927",2026-04-13,https://discord.com/channels/1441619538293686387/1444479247669530664/1493079661595594905,9
,ヒップラインを鍛える3種ワークアウトで前屈をしながら足を横に上げる動作でタイチさんの映像を見てるとキレイに真横に上がってるのですが、私はそもそも開脚が全然できないこともあり、足が斜め後ろに下がってしまってることに気づきました。  真横にあげる場合と斜め後ろでは使う筋肉が違ってきますよね？椅子に手をつきながらだと意識すれば横に上げられるかな？という状態なので、ヨガブロックだけでは私の柔軟性では高さが低すぎると考えていいのでしょうか？,"【るおりん764873】
しのゆかさん、レッスンおつかれさまでした！
わたしは昨日のレッスンで前屈から横に全く上がらず効いてる感じもなく…💦だったのですが、しのゆかさんのコメントを拝見して、手をつく高さを変えて、キッチンくらいの高さでやってみたら、お尻横に効いてきました！😳
その後ヨガブロックでもやってみて、真横に上げられてなかったことにも気づきました！😳
しのゆかさんのコメントで気づくことができました。ありがとうございました☺️✨

そして、タイチさんに質問です。
中殿筋に効かせながら真横にあげるためには、膝の向きを真正面にしたまま、かかと側から上げていくといいのかな？？？？
と思ったのですが、この解釈でいいのでしょうか？？？？🤔🤔

---

【しのゆか765479】
るおりんさん、レッスンお疲れさまでした。

私のコメントで気づいてもらえたことがあったんですね。読んでもらえて、返信してもらえるの嬉しいです。

お尻トレーニングの後数時間たってから、お尻だけじゃなくて太ももあたりから重だるさがあったので効かせたいところじゃないところに効いてるのかもですね。筋トレにも柔軟性が必要だし、柔軟性を高めるためにも筋トレいるしできることいっぱいありますね♪これからも一緒にがんばっていきましょう♪",しのゆか765479,"しのゆか765479, るおりん764873",2026-04-13,https://discord.com/channels/1441619538293686387/1444479247669530664/1493263971464253521,2
,すみません😣💦早朝クラスは4月15日からではなくて土日から開始でしたか？？？詳細わかったら教えていただけると嬉しいです✨,"【さかえ 821242】
はじめまして、はるかさん。
詳細はまだ出てないと思います🤔アンケートの結果｢土日6:30〜7:15｣というのをタイチさんが報告したのは見ました。でも、それ以降に詳細出ていたらごめんなさい🙏",はるか154335,さかえ 821242,2026-04-15,https://discord.com/channels/1441619538293686387/1444479247669530664/1493702661932060893,1
,@えり315115 さんに質問です。  ヨガの後のシャバーサナをやることは、なぜ、どれぐらい大事なことでしょうか？というのも、自宅でエクササイズできるスペースがなく、ジムでオンラインレッスンを受けているため周囲がとても騒々しく、シャバーサナの時間がリラックスタイムではなく結構苦痛です。(そもそも、シャバーサナは頑張ったご褒美タイムみたいに捉えているのでなおさら…)  スキップしてもよいのか、あるいは騒々しい中でもどんな心持ちでどんなことに注意して参加すればより意味のある時間になるか、教えてもらえると嬉しいです🙇‍♀️  ちょっと特殊な質問かもしれず恐縮ですが、えりさんのヨガを受けるにあたって、私にとっては壁の1つなので、何かよい考え方や対処法などありましたら、お願いします🙏,"【えり315115】
ななさん質問ありがとうございます😳✨
ななさんの状況は分かりました☺️
教えてくださりありがとうございます😳

私の担当してるジムも周りとトレーニーの器具置く大きい音や叫び声？などが特徴的なので分かります😭

今の私のクラスはシャバーサナはおやすみのポーズ時間として設けていますが、
本来は『屍、死人を意味するポーズ』です。
無空のように全てを手放すポーズ、全ての緊張、頑張りすぎているところを外し、まるで死人のように力を抜きましょうとも言われるポーズです。
普段、頑張っている私たちは無意識に力の入ってしまうところが多いです。分かりやすいところで言うと肩や眉間のしわなど顔の表情筋です。
そんな力みから解放していく時間、そんな力みに気づく時間でもあります。


しかし、
今のななさんは周りの騒がしさに気を取らやすい環境で外側に意識が向きやすいので
シャバーサナの時に自分の内側に戻りにくくなってるように思います

周りがどれだけ騒がしくて、外側に意識が向いても
焦らず、『あ、今また外に向いてしまったな』と気づき
自分の内側に戻す練習が必要です✨
『自分の今の体は力を抜けているかな？』と観察するところから始めてみたり、
『自分の呼吸の始まりと終わりを感じる。吸う息、吐く息で自分の鼻を通る空気を感じる、呼吸のリズム、呼吸の深さを感じる』
『鼓動の🫀速さや音を感じにいく』

そんな繰り返しの先に外からの世界と切り離され、いつの間にか心の静けさを感じるようになります。


ある人は『見えないけど、自分の全身を流れてる血液を想像してみる、頭の先から足の先まで』と。それくらい自分の中に意識を向けてあげることがこのシャバーサナの時間、シャバーサナのプラクティスでもあると考えてます😌

大五感を緩めていく心地よさを知ること。

可能であれば
耳栓をする、フェイスタオルで目元を隠し瞼を閉じてみる、
より集中できる空間を作ってみるのも対策の一つです。


仰向けが落ち着かなければ
横向きでもいいし、安座で座って瞼を閉じるのもいいです。
とりあえずその時の自分の体が一番落ち着く体勢から始める。でも🆗です☺️✨


そこから少しずつポーズが深まってきます。
瞑想が苦手な方も当てはまるのですが、頭の中で何かを考えてるのが当たり前になりすぎたり
外の音に意識が引っ張られやすかったり常に大五感がフルで働いていているんです。

なのでこのシャバーサナの時間はそれを緩めてあげることで
睡眠と同じくらいの効果があると言われています🌙


長くなってきて文章のまとまりが怪しくなってきましたが🤔💦

伝わってくれたら嬉しいです🥹
そして縁力なく
分かりづらかったらまた教えてください🥰✨
ななさんのシャバーサナタイムを至福な時間にしてもらいたいので🕯️✨
また返事お待ちしてます☺️💕

---

【なな426430】
えりさん、コメントありがとうございます。私の状況を汲んでくださった上で、こんなに丁寧なお返事をいただき、感動しています🥺✨✨

シャバーサナ＝ご褒美タイムととらえると周りの環境が気になるけれど、本来はマインドフルに自分の状態に注意を向け、力みを抜いていく時間なのですね😳外から与えられるものではなく、能動的に自分自身と関わっていく時間なのだと考えると、それだけでイライラがいくらか軽減されそうな気がします。

具体的な対処法についても、ありがとうございます。レッスンをイヤフォン越しに聞いているので耳栓は難しいかもしれませんが、フェイスタオルを使ってみるのはできそうだと思いました。姿勢についても、自分にとってやりやすいものを探してみようと思います。

実は私はヨガとは違った文脈でマインドフルネスと関わったことがあるのですが…正直なところ苦手意識があります😅雑念が浮かびやすく、「今、○○と考えているな」と思考を捉え、再度自分の内側に注意を向けなおそうとしても、雑念に戻ることを繰り返してしまいます。

私の場合は、難易度の高い環境でいきなりやろうとするより、静かな追いついた環境で練習することから始めた方がいいかもしれないと思いました。
あとは、最初から完璧にやろうとするとできなくて残念な気持ちになると思うので、少しずつで大丈夫🙆‍♀️という気持ちで取り組みたいと思います。

教えていただいたことをもとに試行錯誤してみて、また報告させていただきますね。本当にありがとうございました🙏

---

【えり315115】
ななさん、丁寧に返信くださりありがとうございます😊✨

ご褒美タイムではなく、そもそものポーズの意味を考えると瞑想、マインドフルネスに近いと考えます😌🪽

まずはお家で5分でもいいからそういう瞑想時間を作ってみて
心を静める練習するのもいいかもしれません。
寝る前のベッドの中やお風呂に浸かりながらの時間も🫧

実は、私もシャバーサナができるようになったのはここ2年です。

インストラクターをする前は
本当に苦手なポーズの一つで
今、思い返せばいつも雑念ばかりでした🥺💦
『帰ったらご飯何食べよっかなあ』
『このポーズは一体何の時間だろう〜』
『あ、後ろの方の人はシャワー行きたいから早めに出てるのかなあ』※当時ホットヨガの生徒
『私も出たいけど一番前のど真ん中だしなあ』などなど、

今思えば頭の中フル回転。笑

ポーズの本当の意味を知ることができてやっとそのプラクティスを経て今ではシャバーサナがだいすきになりました😳

なので、ななさんも最初はそんな自分を知って、気づいて受けて入れるそんなところから始めてみてください☺️🪽

タイチさんのアーカイブに
1/24 ブレスウェーブ呼吸瞑想がありますのでぜひご覧になってみてください😳✨

またいつでも待ってます🫶💌

---

【なな426430】
えりさん、ご経験も含めてのアドバイスありがとうございます🥰

マインドフルネス、すっと入る人には入るようなので、私には向いてないのかなと諦めていました。でも、えりさんでさえも苦手だったと聞くと(もちろん、私とはできないのレベルが違うと思いますが)、訓練次第で私も少しはできるようになるかなあ、と前向きに思いました。

おっしゃるとおり、まずは「そんな自分を知って、気づいて受け入れる」ですね✨✨

ブレスウェーブ呼吸瞑想、教えてくださってありがとうございます。アーカイブ受講してみようと思います💪

---

【arumi821780】
えり先生、シャバーサナにそんなに深い意味があるなんて考えた事もありませんでした😳
咳が出そう、どうしようとか隣の人、イビキかいてる…😅など私も雑念だらけか半分意識無くして危ない寝るとこだった😪と思ったり…
シャバーサナの意味を知れた事でこの先のシャバーサナの時間を有意義な自分と向き合う時間に変えたいと思いました
気がつかせてくれたななさん、えり先生ありがとうございました🥰

---

【えり315115】
わあ🥹わざわざご丁寧に返信ありがとうございます☺️❤️

そうなんです😌実はシャバーサナってとっても深い意味があって、本来のポーズが得られる心身の効果は絶大です✨🌿

気づきになって嬉しいです🥹
皆さんの質問が私や他の方への気づきになるので、これからもどんどん質問し合いましょう🙋🏻💞

---

【arumi821780】
えり先生、お忙しい中返信ありがとうございます🥰💕
ほんとにただのお休みタイムだと思っていたので初めて知って感動しました🥹
これからは有意義な時間になるよう意識しますね🫶✨",なな426430,"なな426430, えり315115, arumi821780",2026-04-15,https://discord.com/channels/1441619538293686387/1444479247669530664/1493856248888823838,7
,本当にどうでもいい質問でごめんなさい💦  入会したばっかりで どれにしようかなぁって アーカイブ眺めてるだけで 15分ぐらい経っちゃうんですけど😂  皆さんはどういう順番で 進めていってますか？  私はとにかく、体が硬いのと 腰痛持ちなので  今51歳ですが 今、頑張れば 70代の自分にとっても感謝されるんじゃないかと思って 頑張ってます💕  それと2年前に 乳がんを経験して リンパ郭清と 大きな手術を3回したのですが  それでもめっちゃ元気！  ってところを たくさんの人に見てもらって 乳がんを経験した人を 勇気づけてあげたいなと思って、運動頑張ってます🤭,"【Kaori 744755】
香織さん
こんばんは✨
私も同じ字の香織です💗
とっても親近感🫶🏻
私も同じで、アーカイブたくさんありすぎて眺めてるうちに時間経っちゃいます笑
私は、とりあえず最近のものから取り組むようにしています。
縦開脚・横開脚のアーカイブは前編後編になっているので取り組みやすいですし、基礎中の基礎であれば呼吸法から取り組むのもいいかなと👍

以前の私は肩で呼吸→肋骨が開いてる→反り腰→お腹ぽっこり→前もも張り→巻き肩→首肩凝り→頭痛→歯食いしばり…と振り返ってみると全て原因は呼吸による代償でした😂
体って頭の先からつま先まで全て繋がっているので、どこかにエラーが出るとあちこちに不具合が出てしまうんだなぁ、と実感しました。

ちなみに、私の母は50代で、祖母は70代で乳がんを経験して手術しましたが、2人とも15年経った今も元気です❣️
香織さんも今の頑張りがきっと70代に活きてくると思います✨
若輩者が偉そうにすみません🙏

---

【asami 744405】
香織さんこんばんは🌙
　
私が通っているフロアピラティスのレッスン生には70代の方もいますよ！
みなさんとても元気で姿勢も美しいです✨
私もそんな70代目指すために日々頑張ってます💪

私は椎間板ヘルニアになってしまい発症直後は痛みが酷かったり、よくギックリ腰になってましたが、ピラティスやヨガをはじめて体幹が強くなり腹筋も鍛えられたら痛みもなくなりギックリ腰にも何年もなってません👍

毎日のショートliveレッスンは日によって少しハードな時もありますがオススメです✨（参加されていたらごめんなさい🙏）
アーカイブ一覧の40分以内のレッスンは初心者向けが多いです！呼吸法や基礎のトレーニングもあるのでよかったら眺めてみて下さい！
私も身体かなり硬いので、全部できない時はできる動きだけやったりしてます😅
テーマで気になるワードがあればトライしてみたりしているうちに自分に合ったレッスンを見つける事ができるようになってきました！

参考になるかわかりませんが、香織さんの腰痛が少しでも楽になりますように😌

---

【香織　45058】
わ😍
香織さん！
ありがとうございます！

嬉しくて、涙が出て来ちゃいました😭😭😭

私も歯の食いしばりあります😭

歯医者さんに

噛む力が半端ないって
褒められてます🤣🤣

いざと言う時は
武器を持ってなくても
歯があるから大丈夫‼️笑

そして、お母様とおばあさまも乳がんを経験されたんですね🥺

私は乳がんになったことをきっかけに、梅宮アンナさんと仲良くなって

うちの料理教室にも
ご家族で来てくれたことがあるんです🤭

乳がんでも、それ以外の病気でも
早期発見、早期治療が
大事ですね✨✨

毎日頑張って過ごすのを
発信することで
周りの人を勇気づけられる存在になりたいです💕

---

【香織　45058】
あさみさん
ありがとうございます！

今日は、アーカイブの
お尻トレーニングやってました！

こんなに体を動かすのが
楽しいと感じたのは
きっと乳がんのおかげです😊

乳がんの再発を防ぐには
運動が効果的なので

乳がんになる前よりも
運動習慣がかなりつきました！

姿勢の良い70代目指してがんばります！

ありがとうございました！",香織　45058,"香織　45058, asami 744405, Kaori 744755",2026-04-15,https://discord.com/channels/1441619538293686387/1444479247669530664/1493937668495638561,4
,いつもありがとうございます😊 質問です。 可動域チェック✅は何回参加してもいいのでしょうか？ 毎回子供がいたり、家事しながら聞いてたりしていたのでなかなか集中できなく😣写真も全部撮れていなくて💦 今日は一人で集中してできそうなので参加したいと思ってるのですが…🙏  ポイント制になったので、何回も大丈夫かな？と、思ったので質問させていただきました。,"【タイチ】
### 何回でも大丈夫です👌
参加して頂いた分だけポイントが付きます✨

---

【RIE822458】
私も16日可動域チェックに参加したのですが後半に差し掛かったところでiPhoneのストレージがいっぱいになってしまい、写真が撮れず。。😭
しかも撮影できたものを見返したら、我が子がカメラと私の間に入ってしまい見切れてしまったものが半分以上でした🤣
日中なら一人でいる時間が作れるのでチャンス！と思い、17日の可動域チェックで再戦しました💪
タイチさんからも何回でも参加は大丈夫ですとLIVEで私も回答頂きました！！

小さいお子さんがいると撮影の時に写り込んできたり、撮影ストップされちゃったり、ありますよね🤣うちもあるあるです！！

できる時でも大丈夫なはず！一緒に回数重ねて撮影ポーズ増やしていきましょう📷✨

---

【はる782206】
RIEさん！初めまして。はるです🌸
メッセージいただいていたのに遅くなってしまってすみません🙏💦
最近学校の委員の引き継ぎやらで忙しくなかなかココにこれてなくて😣
今RIEさんのメッセージ発見できたところです🙏
ストレージいっぱい…！！
わかります！！😭

ホント、子供いるときだとなかなかですよね😅
子供は楽しそうですが🤣
お互いコツコツできる時に頑張りましょうね💗
本当にメッセージありがとうございました😆
これからもよろしくお願いします♡",はる782206,"はる782206, RIE822458, タイチ",2026-04-17,https://discord.com/channels/1441619538293686387/1444479247669530664/1494494854670192741,3
,おはようございます😊  毎日楽しくトレーニング動画見ています！  1つ質問です☝️  90分など長い時間の 動画を最初から最後まで見る時間がなかなかなくて  朝と夜に分けて 運動してるのですが  1つの動画を 朝と夜で分けているのは、あまり良くないのでしょうか🥺  毎日、朝と夜に 運動する時間をとってるのですが、 今までは、朝と晩15分ずつ位で 最近ちょっと伸びて 朝と晩30分ずつ位運動してるんですが、それでも時間が足りなくて🤣🤣  もうこれ以上運動の時間 伸ばせなく。。はないけど。。笑  どうしたらいいんでしょうか？🤣😂🤣😂  他の皆さんはどうしてるのかなぁー と思いながらいつも運動しています笑,"【アルム469279】
おはようございます。

僕は時間がない時はショート動画などをみてます。

15から20分とか短い時間なので。

朝と晩で30分時間があるのであれば、30分とかの動画とかもあったと思うのでそちらもおすすめです。

休みの日とか時間が取れるときがあれば90分のアーカイブをやってみるといいと思います。

---

【香織　45058】
ありがとうございます😭😭

それがーー

毎日ショート動画じゃないやつをやりたい気持ちでいっぱいでー😂😂🤣🤣

ショート動画も、朝にやったりとかしてるんですが

魅力的なのがたくさんありすぎて

やりたい気持ちと
時間が反比例してます🤣🤣

---

【なな426430】
香織さん、おはようございます。私はできるだけ一度にやりたいけれど、分けてやることあります。

アーカイブはゴールのポーズに向けて、複数の要素の組み合わせになっているので…2回目以降に続きからやるときは、早回しで前に何やったかな？と確認して、各エクササイズの位置付けや全体の流れをザックリ把握してからやるようにしています。

あとは、アーカイブは一度やって終わりではなく、何回もやって効果が出るものだと思うので…とりあえず、1回目は細切れでも1つ1つのエクササイズに慣れ、2回目は位置付けを意識しながら分けてやり、3回目は時間のある時にできればまとめてやる、みたいなやり方もありかなと思います。

---

【香織　45058】
ありがとうございます😍😍
たしかに
2回目やったものは
1回目よりも、すんなりと頭に入ってきて
腑に落ちるところが多かったです！

がんばってやってみます！

皆さんのやり方、めちゃくちゃ参考になります！",香織　45058,"香織　45058, なな426430, アルム469279",2026-04-22,https://discord.com/channels/1441619538293686387/1444479247669530664/1496283025804365844,4
,いつもレッスンやアーカイブ配信ありがとうございます！  質問です。 【ダウンドッグの基礎作りクラス】でレッスン後の質問タイムで「坐骨を引くのがあまりうまくできなかったのですが、長座で骨盤立てられないのと関係ありますか？」と質問したら、「長座で骨盤立てられないのは坐骨引くのか苦手で、膝と坐骨の距離が縮まってる」と答えていただきましたが、距離を伸ばすにはどうしたら良いでしょうか？ハムストリング緩めるストレッチをしたり、ダウンドックのアーカイブで坐骨を引く練習すれば良いでしょうか？？他にオススメのアーカイブがあれば教えていただきたいです🙏✨,"【Hitomi179012】
asamiさん、初めまして！
タイチさんへの質問かと思いましたが、お待ちの間に私が普段やっている事を共有させて頂ければと思い、コメント失礼します☺️

アーカイブは私もまだあんまり出来てないのですが、私もハムストリングが突っ張る感じがする時多々あるので、筋膜リリースをやっています！ストレッチポールや筋膜リリースボールをお持ちでしたら、それをお尻と裏ももの境目から膝裏の手前にかけてコロコロすると、かなり突っ張り感がなくなります🙆🏻‍♀️
筋膜リリースする方の足は伸ばして、反対の足は膝を立てて、手を床について支えながらやるとバランスが取れると思います😌

---

【asami 744405】
Hitomiさんはじめまして✨
私の質問を気にかけてくだりとても嬉しいです🥹💕

私は普段の生活でもつい前腿使ってしまいハムストリングがパイプの様に硬いんです😅
そのせいで腸腰筋が冬眠状態なので今は目覚めてもらえるlessonを中心にやっています🐻
やっぱりリリースも大切ですよね！！
平日は1時間位しか時間が取れないので筋膜リリースあまりしてませんでした💦
具体的に説明していただいてとてもわかりやすいです🙌
早速やってみますね！

アドバイスありがとうございました😊✨

---

【Hitomi179012】
asami さん、
平日でもしっかり1時間確保されてるの凄いです👏🏻

私もハムストリングはすぐ硬くなってしまいますが、ほぐすしてダウンドックとかするとお尻の上がり方が全然違うので、やっぱり縮んでたんだ😲と実感します笑

お世話になっているセラピストさんからアドバイスされたのですが、負荷が強めな運動をいきなりすると体がビックリして、余計に硬くなってしまうと言われ、私はその状態だったので、平日は運動するよりもリリースを中心に実施しています😊
休日にリリースからしっかり動く所までフルコースです笑

何か良さそうなアーカイブ見つけたらぜひ教えてください☺️

---

【asami 744405】
Hitomiさん✨
確かにある程度ほぐしてからトレーニングしないとですよね💦

タイチさんが柔軟には筋力も必要とおっしゃっていて、リリースと筋トレ両方大切なのですが私はどちらも足りてないので、自主トレの時は両立できるよう心がけたいです✨

アーカイブですが、【No.51膝が曲がるを変える】の中の椅子に座ってストレッチポールを裏腿に当て膝を屈伸させるリリースは私に合ってる気がします。
私はハムストリングが収縮して膝が伸びないので💦
お尻の硬さや筋肉不足も原因だと思うので【4/13の45分クラス】や【No.27】でお尻鍛えてます🍑
もうご覧になってるかもしれませんが😅

Hitomiさんもおすすめアーカイブあったらぜひ教えてくださーい🥰

---

【Hitomi179012】
asamiさん、
アーカイブありがとうございます😊

確かに！ハムストリングが硬い方は膝が伸びないので、私がお伝えした方法だと難しいですね💦盲点でした🥹勉強になります！

タイチさんからもメールが来ていたのでご覧になっているかもしれないですが、「下半身に特化した筋膜リリース」は本当に下半身全体がリリース出来るのでとても良いと思います🙆🏻‍♀️ 私も普段はここまで丁寧に出来ない事が多いですが、自分のお悩み別に取り入れるのも良いかもしれないです😊

---

【はる782206】
@タイチ タイチさん、いつもご丁寧な返信ありがとうこざいます😊
承知しました。

朝早くに起きる意味もなくなってしまいますもんね😆
頑張って早起きも習慣にしていきたいと思います🌞

ありがとうございました。",asami 744405,"Hitomi179012, はる782206, asami 744405",2026-04-22,https://discord.com/channels/1441619538293686387/1444479247669530664/1496442590038458471,6
,いつもありがとうございます。 3月に入会させていただき、動画はアーカイブを拝見しております。 初めての書き込みとなります。  ディスコードとアーカイブ動画をすべて見れていないのですが、まずどの動画を見て取り組むべきなのか、自分のレベルもわからずにいます。 横開脚を頑張っていきたく、いくつか拝見して取り組んでますが、アーカイブ動画はどれがいちばん初めに見るべきだったのか、また一度見た動画を繰り返し取り組むべきなのか、それともステップアップしていくのか、ステップアップするには何の動画をどの順番で見る必要があるのかわからずにいます。 たくさん提供してくださってるコンテンツの内容をしっかりいかせてない自分にもどかしさを感じており… 質問内容もまとまらず申し訳ありませんが、アドバイスいただけますと幸いです。 よろしくお願いいたします。,"【タイチ】
いつもありがとうございます😊
そして初めての書き込み、とても嬉しいです！

今のように
「どれからやればいいか分からない」
という状態になるのは恐らくほとんどの方が思っていることだと思うので１つご安心頂ければと思います！

その対策として今、ちょうど
開脚までのSTEPを4段階に分けたカリキュラムを作成しており、
本来であれば昨日配信予定だったのですが、
息子の事情で少し遅れてしまっています🙏

申し訳ございません。

完成次第、全体告知で配信しますので
まずはそちらをベースに進めていただければ大丈夫です！

それまでの間は👇

・前屈系・ダウンドッグの基礎クラス
・上半身・下半身の筋膜リリース編

この2つを中心に、
同じ動画を繰り返し取り組む形でOKです！

開脚は
「いろんな動画をやる」よりも
1つ1つの動きを正しく積み重ねることが一番大事なので、筋肉痛がひどくない限りは同じものを繰り返しおこなって頂いて問題ありません⭕️

---

【うめ822594】
お忙しい中ご回答くださりありがとうございます🙇‍♀️
カリキュラム作成してくださってるとのこと、楽しみです！
小さなお子様がいらっしゃるとても貴重な毎日の中で、コンテンツを提供してくださってること、本当にありがたく思ってます🙏

ご教示いただいた動画にまずは取り組んでいきます✨
ありがとうございます！",うめ822594,"うめ822594, タイチ",2026-04-26,https://discord.com/channels/1441619538293686387/1444479247669530664/1497914379734220831,2
,毎日ボディメイククラスのところを見ると、zoomのIDとPW出てますよ,"【K 822392】
まみぞうさん、ありがとうございます！！迷子になってました。参加できました。

---

【まみぞう(９期生)822109】
良かったです🧡

---

【K 822392】
ほんとに助かりました🥹 こちらの質問に気づいて教えてくださりありがとうございました❤️

---

【まみぞう(９期生)822109】
実は私も少し前に迷子になってました😅
ちょうどスマホを見ながら、zoomを開いた直後でしたので、タイミング良かったです👍",まみぞう(９期生)822109,"K 822392, まみぞう(９期生)822109",2026-04-27,https://discord.com/channels/1441619538293686387/1444479247669530664/1498293636063039529,4
,いつもご丁寧な返信、レッスンをありがとうこざいます😊 質問です。 早朝LIVEレッスンのアーカイブはありますか？ どなたかご質問されていたらすみません🙏  よろしくお願いいたします。,"【タイチ】
早朝クラスのアーカイブは一応データとして残してはいるのですが、コンテンツを全てアーカイブ化すると、あまりにも増えすぎて、皆さんが何をすればいいのかさらに迷われると思うので、今のところ残す予定はないです！

基本的にアーカイブは僕のコンテンツをおこなうことを推奨しています！
時短トレや、筋膜リリース編、最近では30分〜45分ショートバージョンのクラスも出してるのでそちらのアーカイブを視聴することをオススメします🙂‍↕️

https://www.notion.so/FBC-2b6079b8449d80a59f72f26ab6ffa417?source=copy_link",はる782206,タイチ,2026-04-30,https://discord.com/channels/1441619538293686387/1444479247669530664/1499330465193136218,1
,いつもお世話になっております  縦開脚、横開脚を頑張るにあたって、動画内でレクチャーしていただいてるお尻トレーニングを普段の筋トレに取り入れたりと試みています。  お尻外側とお尻と腿の付け根あたりに筋肉痛が出てきました。そうすると、縦開脚や横開脚の深さが筋肉痛になる前よりも浅くなって、焦ってしまいます。  このまま、お尻トレーニングは継続した方が良いのか、筋肉痛が出た際の対処法や、ストレッチにどう向き合っていくのか、教えてもらえたら嬉しいです！,"【asami 744405】
まつださんはじめまして☺️

タイチさんが筋肉痛について
『運営発信♯タイチの呟き【筋肉痛をどう捉えるべきか】』
でお話しされてますので、タイチさんからご返答があるまで参考になると思います！
すでにご覧になっていたらごめんなさい🙏💦

私はサロンに入るまであまり体動かす生活してなかったので初めは筋肉痛との戦いでしたが、これを読んで筋肉痛は「成長痛」だと思って体の変化を楽しんでいる最中です✨

---

【アルム469279】
https://discord.com/channels/1441619538293686387/1446502415070269571/1451055033893392384

あさみさんがいってるのは
この話だと思います。

---

【asami 744405】
アルムさん
リンク貼ればわかりやすかったですね😅
ありがとうございます😊

---

【タイチ】
筋肉痛が出るのは、
“使えていなかったお尻”が働き始めた良い反応の可能性が高いです！
その状態で開脚が浅くなるのも自然です！

硬くなったというより、
痛みから守ろうとして身体が力んでいる状態なので柔軟性が落ちたわけではありません🙂‍↕️

お尻が使えるようになると、
✔ 骨盤が安定する
✔ 股関節がハマる
✔ 痛めにくくなる
ので、最終的に深い開脚へ繋がります🙆‍♂️

ただ筋肉痛が強い日は、

・無理に開かない
・軽く動かす
・筋膜リリースをする

くらいで大丈夫なので、筋肉痛後には戻り、また柔軟をおこなえば問題なく可動域は上がっていきますのでご安心下さい👌",まつだ822477,"アルム469279, asami 744405, タイチ",2026-05-08,https://discord.com/channels/1441619538293686387/1444479247669530664/1502273976309776384,4
,5/8脚の後面ワークアウトに参加しました。 かかとを床に押し付けながら膝を曲げる時は腿裏に力が入ってるのは分かるんですが、脚を床から離して膝を曲げると、前腿にどーしても力が入ってしまいます。お腹薄くして姿勢も意識はしてますが腸腰筋の使い方がイマイチ分かりません あと、どのアーカイブを参考にすればいいのか教えて頂けるとありがたいです。,"【タイチ】
お腹を薄くキープできているのは⭕️です！

その上で、

✔ 下腹部まで締まっているか
✔ 坐骨で床を押せているか
✔ 骨盤前傾が少し作れているか

ここも確認してみてください！

さらに、
“内腿を軽く使う意識”を入れながら膝を引き寄せると、
前腿の力みが減りやすいです！

もし感覚が掴みにくければ、
最新の「床反力クラス」アーカイブがおすすめなので、トライしてみて下さい🙂‍↕️

---

【タイチ】
お返事遅くなり、お待たせしました🙇‍♂️

脚を床から離した瞬間に前腿に入りやすいのは、
「床を押す感覚」が抜けてしまっているのが原因の1つかと思います！

まずは、坐骨で床を押し骨盤を起こす。
そこからもも裏を使う意識で引き込む。

特に“床反力”を使えるようになると、
前腿で無理に持ち上げる感覚が減って、腸腰筋やもも裏がかなり使いやすくなってきます！

それでも前腿に入りやすい場合は、内腿（内転筋）のトレーニングもかなり重要なので、そちらも意識してみてください！

おすすめアーカイブは、
①床反力クラス
②54 ブレない軸を作る ボートポーズチャレンジ

あたりが特に参考になると思います🔥",岡本陽子111559,タイチ,2026-05-08,https://discord.com/channels/1441619538293686387/1444479247669530664/1502306282646929659,2
,タイチさんいつもご丁寧なレッスンをありがとうこざいます😊 質問です。 Level10のオンラインパーソナル申し込みの期限はありますか？,"【タイチ】
はるさんお問い合わせありがとうございます✨
特典のパーソナル機嫌に関しては、特に設けていませんのでご周知下さい😊

---

【はる782206】
タイチさん、いつもありがとうございます。
特に設けてないのですね👀
助かります✨
タイミングを見て、ゆっくり返信したいと思います。
よろしくお願いします😊",はる782206,"はる782206, タイチ",2026-05-10,https://discord.com/channels/1441619538293686387/1444479247669530664/1502855223205564538,2
,皆さまに質問です🙇‍♂️ メンズのヨガウェアを探しているのですが、実際に使って良かったメーカーさんや、おすすめの商品があれば教えていただけないでしょうか？  動きやすさ重視で、ヨガやストレッチに向いているものを探しています。よろしくお願いします🙇,"【タイチ】
ルルレモンorゼクシィミックスおすすめです！
匂いも気になりにくいし、長持ちもします！
可動域MAXで動いてもよれにくい👕

オススメです！

---

【たーくん 782461】
タイチさんありがとうございます🙇　早速探してみます！",たーくん 782461,"たーくん 782461, タイチ",2026-05-13,https://discord.com/channels/1441619538293686387/1444479247669530664/1503980797789606000,2
,お世話になります。　 いつもわかりやすいレクチャーありがとうございます😊 「床反力を鍛えて、痛めないしなやさかを作る」に参加しました。 長座で膝を曲げた状態から、片足ずつ引き寄せる動きで、どうしても右足だけ軽くしか引くことが出来ず、骨盤も倒れやすいような気がします。左右差が大きいです。 いつも右の腸腰筋の詰まりを感じて、たまにリリースボールでほぐすのですが、変化する感じがしないです。 何かアドバイスいただけたらうれしいです。 よろしくお願いします。,"【タイチ】
左右差がある状態ですね！

特に右足は、
腸腰筋の“使える可動域”がまだ脳にインプットされていない可能性があります💡

なので、
右足だけバンドを足裏に巻いて、
外的補助を使いながら引き寄せるのもおすすめです✨

そうすると脳が
「右足ってここまで腸腰筋で動かせるんだ！」
と少しずつ覚え始め、
神経系の動きが繋がりやすくなります🙂‍↕️

無理に高く上げるより、
骨盤を安定させながら丁寧に繰り返すのがポイントです！

---

【あず45454】
お忙しい中、ありがとうございます‼️
バンドを使ってコツコツやってみます💪",あず45454,"あず45454, タイチ",2026-05-13,https://discord.com/channels/1441619538293686387/1444479247669530664/1504108274503389336,2
,質問失礼します。 床反力を鍛えるレッスンに参加させていただきました😊  側屈の際、伸ばしている足側の坐骨を押してしまい、曲げている足側の坐骨を上手く押せなかったのですが、可動域よりも倒しすぎているのか、やり方が間違っているでしょうか。 なるべく倒すことよりも坐骨を押せる範囲で倒すようにした方が効果は高いですか？ ご多忙中とは存じますが、またお手隙の際に教えていただけましたら幸いです😊 よろしくお願いいたします🙇‍♀️,"【タイチ】
おっしゃる通りなるべく倒すことよりも、
曲げている脚側の坐骨で床を押し、骨盤が安定したままおこなう方が効果は高いです✨

特にその感覚があると、
腰の側面奥側のインナーまでしっかり伸びやすくなります！

逆に、
倒すことを優先しすぎると、
骨盤が傾くことでお腹側面が潰れ伸ばしたい場所が抜けるので、押せる範囲で倒す意識で大丈夫です🙆‍♂️

---

【Aki763562】
ご回答ありがとうございます😊
承知しました🫡！
押す方を意識して行っていきたいと思います😊
お忙しい中ご回答ありがとうございます✨",Aki763562,"Aki763562, タイチ",2026-05-14,https://discord.com/channels/1441619538293686387/1444479247669530664/1504162018557427713,2
,5/13のレッスンの際、坐骨の方は分かりやすかったのですが、足底で床を押す感覚が掴めませんでした。 踵と母指球、踵と小指球はそれぞれできるのですが、3点で満遍なく押す感覚がわかりません。また、母指球側を意識すると内側の筋肉が使われるとおっしゃっていたような気がするのですが、それもあまり分かりませんでした。ショート動画でも同じような動画があったのでやってみたのですが、こちらも使っている感覚が分からず…。 内転筋が弱いorストレッチが足りていないのでしょうか…？  コツや参考になるアーカイブ動画などがあれば教えていただきたいです！,"【タイチ】
母指球側でボールを踏んでおこなった時は、
足裏で押す感覚はありましたか？🤔

基本的に「3点で立つ」とは言いますが、
実際は“3点だけに乗る”というより、つま先側だけ小指側だけ
踵だけなどに偏らず、
足裏全体で満遍なく踏めている感覚に近いです💡

なので、
「3点を完璧に感じなきゃ！」と思わなくて大丈夫です👌

また、
母指球側を使うと内転筋が入りやすいのはありますが、
最初はかなり感覚が分かりづらい方も多いです！

なので、内転筋が弱いというより“まだ神経的に繋がっていない段階”の可能性が高いです！

もし踏めている感覚が薄ければ、①母指球側②小指球側③踵側

それぞれにボールを置いて、
踏みながらお辞儀するエクササイズを試してみてください！

感覚が繋がりやすくなると思います🦵",蒼743048,タイチ,2026-05-15,https://discord.com/channels/1441619538293686387/1444479247669530664/1504681999871512747,1
,本日のLIVEレッスン参加しました。 股関節を外旋して　縦開脚・スワンのポーズ・更にピジョンと進む中でどうしても左右差が。 右膝は落としてある程度床に届きますが左はどうにも無理で……お尻の筋肉も使えている感じがしません。😖  ロードマップを初めから！が重要ですか？,"【Tomoyo821741】
私も左右差がハッキリ！

muraoさんと逆で、
左のお尻にききましたが、右は上手く使えませんでした！
今もジンジン感は左がより強く……

どこに戻ってトレーニングしたらよいか、とっても気になりますね🥺😄

---

【タイチ】
クラムシェルをした時も、
左右差は感じましたか？

片側の腰側面が硬くなっていると、お尻の筋肉が入りづらくなり、股関節の外旋にも左右差が出やすくなります💡

なので、①側屈や
②【30分クラス】背骨をリセット｜胸椎伸展をスムーズにしよう！
なども入れながら、腰側面の左右差を減らしていくのもおすすめです✨

特に、
骨盤底筋＋お腹を薄く保ちながらクラムシェルをおこなうと、
お尻の入り方がかなり変わりやすいです🔥

なのでクラムシェルは継続しつつ“腰側面の硬さの左右差”も一緒に整えてみてください😊

---

【タイチ】
Tomoyoさんも
ぜひ☝️の回答を参考にしながら

・クラムシェル
・側屈
・胸椎伸展クラス

などを組み合わせて取り組んでみてください😊🔥

---

【murao 763400】
・クラムシェルはどちらも出来てない状態で左右差はない感じ
・側屈は左右とも全く爪先には届かず　硬いです。
・膝痛があり　正座あぐらは上手く出来ない状態

でも、それなりに整えていけるように少しずつ取り組んでみます",murao 763400,"Tomoyo821741, murao 763400, タイチ",2026-05-16,https://discord.com/channels/1441619538293686387/1444479247669530664/1505078404565958737,4
,「背骨をリセット、胸骨伸展」のリアタイ、アーカイブどちらでも感じたのですが、肘を肩の高さに上げた状態から90度に曲げてくる動きと、その後体側を側屈させる動きで、特に体側側屈の方は、普通に体を曲げてしまえば側屈になるので、どこをどう使って側屈を取るのが正解か分かりませんでした💦  また、正座の状態で肘を90度に曲げて回旋する動きで、途中まで行くと、肩周辺が痛くなりどんどん肘が肩の高さよりも下がっていってしまいます。  この2点の正しい動きについて教えて頂きたいです！,"【タイチ】
側屈の動きは、“ただ体を横に倒す”ことが目的ではなく、
最初に肘を引き寄せる時に使った広背筋と大円筋の収縮を、
側屈した時により強く感じられるかがポイントです💡

なので、
「どこを伸ばすか」よりも、
“脇〜背中側面で側屈する”感覚でいきなり側屈せずに、まず①背中を使った②感じたままゆっくり丁寧に側屈を深める
を意識してみてください！

また、
回旋で肩が辛くなるのは、
①肩甲骨が上がる
②僧帽筋や肩が力む
この状態になっている可能性が高いです💡

なので、①肩甲骨を下げる
②鎖骨を長く保つ③胸を軽く立てる

を意識したまま、
肘を後ろへ引いてみてください！

☝️最初の肘を曲げて引き寄せる時に使った広背筋・大円筋で肩甲骨を下げられると、
肩甲骨が寄る感覚がかなり分かりやすくなると思うので、
感じられるとはなまるです💮

---

【Hitomi179012】
タイチさん、ありがとうございます🙇🏻‍♀️

教えて頂いた事を意識して、もう一度やってみます💪🏻",Hitomi179012,"Hitomi179012, タイチ",2026-05-16,https://discord.com/channels/1441619538293686387/1444479247669530664/1505142213426942013,2
,5/16LIVEレッスン参加しました。 ①スワンのポーズで前脚をマットと平行、足首90度にセットするのもやっとです。徐々に前脚が手前に引き込んでしまうようになってしまいます。床についている小指側側面押す意識はありますが、痛いです。改善できないでしょうか？  ②横開脚で膝を床に押しつける感覚、お尻をプリっとするのがわかるようになってきました。胸から前屈というときに背中が丸まってしまいます。どうしたらよいでしょうか？,"【タイチ】
①痛いのは、床を押している足側でしょうか？

その場合は、まずタオルなどを敷いて調整してみてください✨

また、脚が手前に戻ってきてしまうのは、まだ股関節の外旋＋お尻の筋力が足りていない状態の可能性が高いです💡

なので今は、お尻の筋力UPと
外旋可動域UPを優先したいのでアーカイブは引き続きおこなって下さい！

加えて、膝が曲がってくる場合は、裏ももに力が入りすぎていることもあるので、適時チェックしながらおこなってみてください💡

②横開脚の感覚が芽生えてきているの素晴らしいです🔥

この時の前屈は、“胸から倒す”
というより、
①背骨の反りを保ったまま
②骨盤を前傾し続ける

ことで倒れていく感覚が理想です✨

なので、上半身は「反ったまま」の意識でOKです

“前に倒す”ではなく、
「あ、骨盤が前傾したから、
反ったまま勝手に倒れていく。」
この感覚を目指します！

---

【ようこ 772420】
ありがとうございます🙏 ❤️ 
①アーカイブをコツコツ続けてみます。股関節外旋とお尻🍑✨ 
②骨盤前傾すれば勝手にうごく。前傾のアーカイブをチャレンジしてみます。

---

【タイチ】
背中トレも意識してやってみて下さいね✨

---

【ようこ 772420】
背中も👀❗やってみます✨",ようこ 772420,"ようこ 772420, タイチ",2026-05-16,https://discord.com/channels/1441619538293686387/1444479247669530664/1505152468223262920,4
,お世話になっております😊 膝が曲がるを変えるレッスンを受講したのですが、 意識を抜くとどうしても前腿に力が入ってしまっています。 前腿で押してるというよりは、 前腿を上に引き上げて緊張させてしまっている状態です。 何度かアーカイブ見て注意点も気にしながらやってるのですが、どうしても前腿を緊張させてしまうのを止められません。 どのようにアプローチしたら良いでしょうか😣 もし既出の質問でしたらすみません💦  ちなみにですが、前屈はかなり深まって、ほぼガラケー状態までもっていけています！（まだまだ腿裏ふくらはぎ痛いですが😂） またお手隙の際にご回答いただけたら幸いです。 よろしくお願いいたします🙇‍♀️,"【Aki763562】
繰り返し行ううちに裏腿、膝裏の使い方がわかってきて、前腿を使わずにできるようになりました！
ありがとうございました😊",Aki763562,Aki763562,2026-05-19,https://discord.com/channels/1441619538293686387/1444479247669530664/1506254149736468502,1
,5月16日のアーカイブ配信がされていないようなのですが、配信はされないのでしょうか？ よろしくお願い致します。,"【タイチ】
返信お待たせしております。

確認したところ、5月16日のクラスは機材トラブルにより録画が正常に保存されておらず、アーカイブを残すことができておりませんでした。

楽しみにお待ちいただいていた中、申し訳ありません🙇‍♂️
今後は再発防止に努めますので、ご理解いただけますと幸いです。",Himeka25585,タイチ,2026-05-28,https://discord.com/channels/1441619538293686387/1444479247669530664/1509510336552632330,1
